requirementId,challengeId,challengeTitle,employer,roleTitle,category,statement,weight,sfiaLevel,injectedTrap,successSignals,failureModes
"hp7s6ehfoedf5tlblv70398p","tiog0nvg5u770ij9q2skvivf","Confidential comment summaries: release AI themes without exposing anyone","Culture Amp","Senior Applied AI Engineer","PROBLEM_FRAMING","Before building, interrogates the brief: asks about, or explicitly states an assumption on, what the minimum group size counts (people or comments) and who the console's user is.",4,3,"","",""
"h9xmqlfi486yvkos360z3wtr","tiog0nvg5u770ij9q2skvivf","Confidential comment summaries: release AI themes without exposing anyone","Culture Amp","Senior Applied AI Engineer","PROBLEM_FRAMING","Identifies confidentiality risks beyond the headline threshold: subtraction across department and team, single-out language, identifying details in comments.",3,3,"","",""
"vpfpvbdj0k8tk5zfwm8m839a","tiog0nvg5u770ij9q2skvivf","Confidential comment summaries: release AI themes without exposing anyone","Culture Amp","Senior Applied AI Engineer","TECHNICAL_APPROACH","Chooses and justifies a defensible way to decide whether a summary is releasable. A rule-based gate, a risk-scored triage or an evidence-first review are all acceptable if the reasoning is sound.",4,3,"","",""
"zpe2v57a7v60vrzlcvz4r1lq","tiog0nvg5u770ij9q2skvivf","Confidential comment summaries: release AI themes without exposing anyone","Culture Amp","Senior Applied AI Engineer","TECHNICAL_APPROACH","Keeps the decision logic separate from the UI and handles boundary cases: exactly at the minimum, respondents with no comment, groups with very few respondents.",3,3,"","",""
"m63pcekczymw73n6ty0l5kax","tiog0nvg5u770ij9q2skvivf","Confidential comment summaries: release AI themes without exposing anyone","Culture Amp","Senior Applied AI Engineer","AI_DIRECTION","Directs the assistant with specific, testable instructions and iterates: states rules precisely, supplies constraints, and corrects course from what the code or preview shows.",4,3,"","",""
"fs9988o499dqf0xln8b6ww1p","tiog0nvg5u770ij9q2skvivf","Confidential comment summaries: release AI themes without exposing anyone","Culture Amp","Senior Applied AI Engineer","AI_DIRECTION","Sequences the work deliberately — agree the rules, then the logic, then the interface — instead of asking for the whole application in one prompt.",3,3,"","",""
"vs2v6ii5i8zp2exbyc0negn9","tiog0nvg5u770ij9q2skvivf","Confidential comment summaries: release AI themes without exposing anyone","Culture Amp","Senior Applied AI Engineer","CRITICAL_JUDGMENT","Verifies the assistant's output instead of trusting it: checks behaviour against the data and catches errors or claims that cannot be true.",5,3,"","",""
"skpo08tqcrnkaejj4ic0xv7g","tiog0nvg5u770ij9q2skvivf","Confidential comment summaries: release AI themes without exposing anyone","Culture Amp","Senior Applied AI Engineer","CRITICAL_JUDGMENT","Pushes back on, or overrides, an assistant suggestion or default that conflicts with the brief's constraints (confidentiality first), and can say why.",4,3,"","",""
"h1zmyt77uqw3d5wfq0nq7jsn","tiog0nvg5u770ij9q2skvivf","Confidential comment summaries: release AI themes without exposing anyone","Culture Amp","Senior Applied AI Engineer","TRADEOFF_AWARENESS","Names what the chosen approach gives up — over-suppression versus leak risk, false alarms in claim checking — and why that is acceptable for this domain.",4,3,"","",""
"y1e5r1idfknwm6qim1e0qlr7","tiog0nvg5u770ij9q2skvivf","Confidential comment summaries: release AI themes without exposing anyone","Culture Amp","Senior Applied AI Engineer","TRADEOFF_AWARENESS","Acknowledges the limits of any automated grounding check (keyword overlap can miss a paraphrase or accept a coincidence) and keeps a human decision in the loop.",2,3,"","",""
"uzui8j8r4lohgwfa085sr6wc","tiog0nvg5u770ij9q2skvivf","Confidential comment summaries: release AI themes without exposing anyone","Culture Amp","Senior Applied AI Engineer","DOMAIN_FIT","The solution reflects the real domain constraint: confidentiality is a promise to employees, the minimum counts people, and an AI summary is untrusted until checked.",4,3,"","",""
"sg90ck70kjyb2sfddvpba5r0","tiog0nvg5u770ij9q2skvivf","Confidential comment summaries: release AI themes without exposing anyone","Culture Amp","Senior Applied AI Engineer","COMMUNICATION","States intent, constraints and decisions clearly enough that a reviewer can follow why each step was taken.",3,3,"","",""
"fzrks24e335fzgngyt5uxnyq","fast-1789829657333","Full-Stack Engineer — AI Resume Screener: Prototype","TalentAI","Full-Stack Engineer — AI Resume Screener","TECHNICAL_APPROACH","Designs decoupled architecture and pure logic prior to UI generation.",4,3,"","",""
"kxg200ml1r3o8f860wcnexos","challenge-custom-airwallex-27-1mkwo","Airwallex: Senior Backend Engineer — Liquidity Platform","Airwallex","Senior Backend Engineer — Liquidity Platform","PROBLEM_FRAMING","Clarifies scope boundaries, non-goals, and edge cases before coding.",4,3,"","",""
"v4coiy1t9e1tcdk318k1dx8i","challenge-custom-airwallex-27-1mkwo","Airwallex: Senior Backend Engineer — Liquidity Platform","Airwallex","Senior Backend Engineer — Liquidity Platform","TECHNICAL_APPROACH","Designs decoupled architecture and pure logic prior to UI generation.",5,3,"","",""
"tdjzxhu2clee7vuf2tx2fvdp","challenge-custom-airwallex-27-1mkwo","Airwallex: Senior Backend Engineer — Liquidity Platform","Airwallex","Senior Backend Engineer — Liquidity Platform","CRITICAL_JUDGMENT","Catches planted AI defects and unverified assumptions.",5,3,"","",""
"jkde3opbwgmy9okdfugja0c6","challenge-custom-airwallex-27-1mkwo","Airwallex: Senior Backend Engineer — Liquidity Platform","Airwallex","Senior Backend Engineer — Liquidity Platform","TRADEOFF_AWARENESS","Explains technical trade-offs and performance considerations.",4,3,"","",""
"m5jeph1w0clu8bc3kh5zwyxw","challenge-custom-airwallex-27-1mkwo","Airwallex: Senior Backend Engineer — Liquidity Platform","Airwallex","Senior Backend Engineer — Liquidity Platform","DOMAIN_FIT","Tailors features to the actual real-world needs of the domain.",4,3,"","",""
"misdaeyk14ejp7n1hbceyn26","challenge-custom-airwallex-27-1mkwo","Airwallex: Senior Backend Engineer — Liquidity Platform","Airwallex","Senior Backend Engineer — Liquidity Platform","COMMUNICATION","Directs AI assistant with clear, structured prompts and clear documentation.",3,3,"","",""
"m26ynu9m8eq3homxfly6w6rf","challenge-custom-andurilindustries-39-mttxw","Anduril Industries: Software Engineer — Autonomous Systems & Safety-Critical Platform","Anduril Industries","Software Engineer — Autonomous Systems & Safety-Critical Platform","DOMAIN_FIT","Tailors features to the actual real-world needs of the domain.",4,3,"","",""
"ibvh72dmbwgfi4myuio7fu48","challenge-custom-andurilindustries-39-mttxw","Anduril Industries: Software Engineer — Autonomous Systems & Safety-Critical Platform","Anduril Industries","Software Engineer — Autonomous Systems & Safety-Critical Platform","COMMUNICATION","Directs AI assistant with clear, structured prompts and clear documentation.",3,3,"","",""
"eukylsai3hpi5goavahmbtaw","challenge-custom-investmentwealthcloudoperations-40-r46co","Investment & Wealth Cloud Operations: Senior Azure Cloud & DevOps Engineer","Investment & Wealth Cloud Operations","Senior Azure Cloud & DevOps Engineer","PROBLEM_FRAMING","Clarifies scope boundaries, non-goals, and edge cases before coding.",4,3,"","",""
"edptql8eprvhnb1g59ay3247","challenge-custom-investmentwealthcloudoperations-40-r46co","Investment & Wealth Cloud Operations: Senior Azure Cloud & DevOps Engineer","Investment & Wealth Cloud Operations","Senior Azure Cloud & DevOps Engineer","TECHNICAL_APPROACH","Designs decoupled architecture and pure logic prior to UI generation.",5,3,"","",""
"sijodzsrewyu28zfpcwx8nd8","challenge-custom-investmentwealthcloudoperations-40-r46co","Investment & Wealth Cloud Operations: Senior Azure Cloud & DevOps Engineer","Investment & Wealth Cloud Operations","Senior Azure Cloud & DevOps Engineer","CRITICAL_JUDGMENT","Catches planted AI defects and unverified assumptions.",5,3,"","",""
"da1objdiu180e2jfb4luutr3","challenge-custom-investmentwealthcloudoperations-40-r46co","Investment & Wealth Cloud Operations: Senior Azure Cloud & DevOps Engineer","Investment & Wealth Cloud Operations","Senior Azure Cloud & DevOps Engineer","TRADEOFF_AWARENESS","Explains technical trade-offs and performance considerations.",4,3,"","",""
"pkb5jsvjrgyps2bcvrvpkxqi","fast-1789829657333","Full-Stack Engineer — AI Resume Screener: Prototype","TalentAI","Full-Stack Engineer — AI Resume Screener","PROBLEM_FRAMING","Clarifies scope boundaries, non-goals, and edge cases before coding.",4,3,"","",""
"mb9e56y80rvr4944y338g0fg","challenge-custom-investmentwealthcloudoperations-40-r46co","Investment & Wealth Cloud Operations: Senior Azure Cloud & DevOps Engineer","Investment & Wealth Cloud Operations","Senior Azure Cloud & DevOps Engineer","DOMAIN_FIT","Tailors features to the actual real-world needs of the domain.",4,3,"","",""
"e5qln7659gnu0hdue8pox7o5","challenge-custom-investmentwealthcloudoperations-40-r46co","Investment & Wealth Cloud Operations: Senior Azure Cloud & DevOps Engineer","Investment & Wealth Cloud Operations","Senior Azure Cloud & DevOps Engineer","COMMUNICATION","Directs AI assistant with clear, structured prompts and clear documentation.",3,3,"","",""
"ipozgw91k9koje1t85l20vh0","challenge-custom-colonialfirststatecfs-41-nixdq","Colonial First State (CFS): DevOps & Reliability Engineer (FirstChoice Platform)","Colonial First State (CFS)","DevOps & Reliability Engineer (FirstChoice Platform)","PROBLEM_FRAMING","Clarifies scope boundaries, non-goals, and edge cases before coding.",4,3,"","",""
"lowjonm4inosnbwy4aqovlxw","challenge-custom-colonialfirststatecfs-41-nixdq","Colonial First State (CFS): DevOps & Reliability Engineer (FirstChoice Platform)","Colonial First State (CFS)","DevOps & Reliability Engineer (FirstChoice Platform)","TECHNICAL_APPROACH","Designs decoupled architecture and pure logic prior to UI generation.",5,3,"","",""
"m124pbxr0wqm0hp0sqyz84j6","challenge-custom-colonialfirststatecfs-41-nixdq","Colonial First State (CFS): DevOps & Reliability Engineer (FirstChoice Platform)","Colonial First State (CFS)","DevOps & Reliability Engineer (FirstChoice Platform)","CRITICAL_JUDGMENT","Catches planted AI defects and unverified assumptions.",5,3,"","",""
"fdtcwagtzsazgl1pf78n1v1a","challenge-custom-colonialfirststatecfs-41-nixdq","Colonial First State (CFS): DevOps & Reliability Engineer (FirstChoice Platform)","Colonial First State (CFS)","DevOps & Reliability Engineer (FirstChoice Platform)","TRADEOFF_AWARENESS","Explains technical trade-offs and performance considerations.",4,3,"","",""
"rybkij6ortob0pjvj3nphr13","challenge-custom-colonialfirststatecfs-41-nixdq","Colonial First State (CFS): DevOps & Reliability Engineer (FirstChoice Platform)","Colonial First State (CFS)","DevOps & Reliability Engineer (FirstChoice Platform)","DOMAIN_FIT","Tailors features to the actual real-world needs of the domain.",4,3,"","",""
"y84vtgiaota1wk1qz6ks5rjh","challenge-custom-colonialfirststatecfs-41-nixdq","Colonial First State (CFS): DevOps & Reliability Engineer (FirstChoice Platform)","Colonial First State (CFS)","DevOps & Reliability Engineer (FirstChoice Platform)","COMMUNICATION","Directs AI assistant with clear, structured prompts and clear documentation.",3,3,"","",""
"ee0i5dsmzwxto4s927ek8i1g","challenge-custom-macquariegroup-42-4ruxv","Macquarie Group: Cloud Platform Engineer — Distributed Kubernetes & Go","Macquarie Group","Cloud Platform Engineer — Distributed Kubernetes & Go","PROBLEM_FRAMING","Clarifies scope boundaries, non-goals, and edge cases before coding.",4,3,"","",""
"axzoghwr8n2bvt38luugssqa","challenge-custom-macquariegroup-42-4ruxv","Macquarie Group: Cloud Platform Engineer — Distributed Kubernetes & Go","Macquarie Group","Cloud Platform Engineer — Distributed Kubernetes & Go","TECHNICAL_APPROACH","Designs decoupled architecture and pure logic prior to UI generation.",5,3,"","",""
"i108vewjaftyuzmwrkpj0dfc","challenge-custom-macquariegroup-42-4ruxv","Macquarie Group: Cloud Platform Engineer — Distributed Kubernetes & Go","Macquarie Group","Cloud Platform Engineer — Distributed Kubernetes & Go","CRITICAL_JUDGMENT","Catches planted AI defects and unverified assumptions.",5,3,"","",""
"apwbr75dp2uv54frnfnv5cd4","fast-1789829657333","Full-Stack Engineer — AI Resume Screener: Prototype","TalentAI","Full-Stack Engineer — AI Resume Screener","CRITICAL_JUDGMENT","Catches planted AI defects and unverified assumptions.",5,3,"","",""
"ujlb8zaozt89yardd0u4trhk","fast-1789829657333","Full-Stack Engineer — AI Resume Screener: Prototype","TalentAI","Full-Stack Engineer — AI Resume Screener","TRADEOFF_AWARENESS","Explains technical trade-offs and performance considerations.",3,3,"","",""
"t8ynkp282id3z2p5s12llj3q","fast-1789829657333","Full-Stack Engineer — AI Resume Screener: Prototype","TalentAI","Full-Stack Engineer — AI Resume Screener","DOMAIN_FIT","Tailors features to the actual real-world needs of the domain.",4,3,"","",""
"y7enq88mi2snsb33juxlsfdi","fast-1789829657333","Full-Stack Engineer — AI Resume Screener: Prototype","TalentAI","Full-Stack Engineer — AI Resume Screener","COMMUNICATION","Communicates intent clearly and documents decisions for reviewers.",3,3,"","",""
"nh5l4cjrrcdqlsets3uhsf7i","fast-1789830122634","Full-Stack Engineer — AI Resume Screener: Prototype","TalentAI","Full-Stack Engineer — AI Resume Screener","PROBLEM_FRAMING","Clarifies scope boundaries, non-goals, and edge cases before coding.",4,3,"","",""
"sajgtsbd1zl2yx5vi0zg8k61","fast-1789830122634","Full-Stack Engineer — AI Resume Screener: Prototype","TalentAI","Full-Stack Engineer — AI Resume Screener","TECHNICAL_APPROACH","Designs decoupled architecture and pure logic prior to UI generation.",4,3,"","",""
"o86hx0n0avs6n9b3mmt05l2j","fast-1789830122634","Full-Stack Engineer — AI Resume Screener: Prototype","TalentAI","Full-Stack Engineer — AI Resume Screener","CRITICAL_JUDGMENT","Catches planted AI defects and unverified assumptions.",5,3,"","",""
"ttw07kmgj1jfwrrq7mlaeg77","fast-1789830122634","Full-Stack Engineer — AI Resume Screener: Prototype","TalentAI","Full-Stack Engineer — AI Resume Screener","TRADEOFF_AWARENESS","Explains technical trade-offs and performance considerations.",3,3,"","",""
"wd0dly3kvrkn5lac50c28203","fast-1789830122634","Full-Stack Engineer — AI Resume Screener: Prototype","TalentAI","Full-Stack Engineer — AI Resume Screener","DOMAIN_FIT","Tailors features to the actual real-world needs of the domain.",4,3,"","",""
"rq28bwjyx82p1nhupgirhmyw","fast-1789830122634","Full-Stack Engineer — AI Resume Screener: Prototype","TalentAI","Full-Stack Engineer — AI Resume Screener","COMMUNICATION","Communicates intent clearly and documents decisions for reviewers.",3,3,"","",""
"vy9h2sbwkbqsq6bttkvd1838","fast-1789830337304","Full-Stack Engineer — AI Resume Screener: Prototype","TalentAI","Full-Stack Engineer — AI Resume Screener","PROBLEM_FRAMING","Clarifies scope boundaries, non-goals, and edge cases before coding.",4,3,"","",""
"j7da58eq6exww3yjycfwv8kx","fast-1789830337304","Full-Stack Engineer — AI Resume Screener: Prototype","TalentAI","Full-Stack Engineer — AI Resume Screener","TECHNICAL_APPROACH","Designs decoupled architecture and pure logic prior to UI generation.",4,3,"","",""
"g125n127x8b8avp4qdo3ge2b","fast-1789830337304","Full-Stack Engineer — AI Resume Screener: Prototype","TalentAI","Full-Stack Engineer — AI Resume Screener","CRITICAL_JUDGMENT","Catches planted AI defects and unverified assumptions.",5,3,"","",""
"g4yvs78bqd59xg7ezq952t99","fast-1789830337304","Full-Stack Engineer — AI Resume Screener: Prototype","TalentAI","Full-Stack Engineer — AI Resume Screener","TRADEOFF_AWARENESS","Explains technical trade-offs and performance considerations.",3,3,"","",""
"fcs2ch8udx9jgqy8hc0o3zke","fast-1789830337304","Full-Stack Engineer — AI Resume Screener: Prototype","TalentAI","Full-Stack Engineer — AI Resume Screener","DOMAIN_FIT","Tailors features to the actual real-world needs of the domain.",4,3,"","",""
"cvmag73yi8hqmhsfxesqvmfl","fast-1789830337304","Full-Stack Engineer — AI Resume Screener: Prototype","TalentAI","Full-Stack Engineer — AI Resume Screener","COMMUNICATION","Communicates intent clearly and documents decisions for reviewers.",3,3,"","",""
"qd8qvce7g6mzvlied6xcwjof","fast-1789832997136","Full-Stack Engineer: Prototype","TalentAI","Full-Stack Engineer","PROBLEM_FRAMING","Clarifies scope boundaries, non-goals, and edge cases before coding.",4,3,"","",""
"jercvvkx2cbsbfwszpaxsjpx","fast-1789832997136","Full-Stack Engineer: Prototype","TalentAI","Full-Stack Engineer","TECHNICAL_APPROACH","Designs decoupled architecture and pure logic prior to UI generation.",4,3,"","",""
"d6fwnev7ri1yyx8lxgt2gdkw","fast-1789832997136","Full-Stack Engineer: Prototype","TalentAI","Full-Stack Engineer","CRITICAL_JUDGMENT","Catches planted AI defects and unverified assumptions.",5,3,"","",""
"idum2lzwu5pdcxrxqyra28c4","fast-1789832997136","Full-Stack Engineer: Prototype","TalentAI","Full-Stack Engineer","TRADEOFF_AWARENESS","Explains technical trade-offs and performance considerations.",3,3,"","",""
"s8pjan9244uicd17qtasb6dh","fast-1789832997136","Full-Stack Engineer: Prototype","TalentAI","Full-Stack Engineer","DOMAIN_FIT","Tailors features to the actual real-world needs of the domain.",4,3,"","",""
"rs9zyruuzuvo3ux3veun66f5","fast-1789832997136","Full-Stack Engineer: Prototype","TalentAI","Full-Stack Engineer","COMMUNICATION","Communicates intent clearly and documents decisions for reviewers.",3,3,"","",""
"xrtpl0ioh6egqu56lrjva92z","v16xcucidbutfux7apyu8y6i","GenAI Banking Assistant Release Gate","Westpac","AI Engineer","PROBLEM_FRAMING","Before building, the candidate must resolve or explicitly choose positions on the brief’s key ambiguities: release threshold, trust level for the automated GenAI evaluation, candidate-vs-baseline comparison, and privacy/detail boundaries for banking evidence.",4,3,"","",""
"g3a3iop2jlxc7sb2v3ltws9u","challenge-custom-block-28-lo7gt","Block: Senior Software Engineer — Tax Engine (Cash App)","Block","Senior Software Engineer — Tax Engine (Cash App)","PROBLEM_FRAMING","Clarifies scope boundaries, non-goals, and edge cases before coding.",4,3,"","",""
"oidldffjaza2jinu7w3calat","v16xcucidbutfux7apyu8y6i","GenAI Banking Assistant Release Gate","Westpac","AI Engineer","TECHNICAL_APPROACH","The candidate must choose a defensible front-end-only architecture for the release-review console that stays within React 18 + Vite and static supplied data, with verdict logic separated from presentation.",4,3,"","",""
"znndsmey73yys45vo21vtdtw","v16xcucidbutfux7apyu8y6i","GenAI Banking Assistant Release Gate","Westpac","AI Engineer","TECHNICAL_APPROACH","The candidate must implement or direct implementation of the core review workflow: model-version selection, at-a-glance summary, redacted case list, risky-case focus, case detail evidence, and visible auto-eval/app-verdict disagreements.",4,3,"","",""
"sv5eqrhhspjcbggrtg9dorb6","v16xcucidbutfux7apyu8y6i","GenAI Banking Assistant Release Gate","Westpac","AI Engineer","AI_DIRECTION","The candidate must direct the AI coding assistant with specific, constraint-aware implementation instructions instead of delegating the whole challenge vaguely.",4,3,"","",""
"am0pc989qxrofyyok5mfdjfa","v16xcucidbutfux7apyu8y6i","GenAI Banking Assistant Release Gate","Westpac","AI Engineer","AI_DIRECTION","The candidate must iterate on the AI assistant’s output using concrete review feedback tied to the release-gate requirements.",4,3,"","",""
"uiujhoomi3b381hsbl4upy7w","v16xcucidbutfux7apyu8y6i","GenAI Banking Assistant Release Gate","Westpac","AI Engineer","CRITICAL_JUDGMENT","The candidate must challenge AI-generated logic that over-trusts the automated evaluation or makes unsupported safety claims.",5,3,"","",""
"fd2a1j04qhuzgxdkj36bikjp","v16xcucidbutfux7apyu8y6i","GenAI Banking Assistant Release Gate","Westpac","AI Engineer","CRITICAL_JUDGMENT","The candidate must verify that privacy redaction and release-blocking behavior work on concrete risky cases and boundary values visible in the data or fixtures.",5,3,"","",""
"t11ov1x6qw5bttb1fwt03nej","v16xcucidbutfux7apyu8y6i","GenAI Banking Assistant Release Gate","Westpac","AI Engineer","TRADEOFF_AWARENESS","The candidate must explain the chosen release threshold and aggregation trade-off for a limited A/B rollout, including what is blocked versus sent to human review.",5,3,"","",""
"pzj3das3uxbftcitx663n47t","v16xcucidbutfux7apyu8y6i","GenAI Banking Assistant Release Gate","Westpac","AI Engineer","TRADEOFF_AWARENESS","The candidate must explain the privacy-versus-reviewability trade-off for case evidence in this banking prototype.",4,3,"","",""
"lv8cw5l3e488v3trln2019ga","v16xcucidbutfux7apyu8y6i","GenAI Banking Assistant Release Gate","Westpac","AI Engineer","DOMAIN_FIT","The candidate must ground the app’s issue model in the banking release-risk concepts from the brief: source grounding, banking safety, privacy handling, unsupported guarantees, unsafe credential sharing, and personalised financial advice.",5,3,"","",""
"gv2r2jr7tna7jwgili8tnxyb","v16xcucidbutfux7apyu8y6i","GenAI Banking Assistant Release Gate","Westpac","AI Engineer","DOMAIN_FIT","The candidate must shape the prototype for the intended Westpac DDAI delivery squad roles rather than a generic annotation or chat demo.",3,3,"","",""
"xwvoxmw6prqzzsjzh4j8dhk0","v16xcucidbutfux7apyu8y6i","GenAI Banking Assistant Release Gate","Westpac","AI Engineer","COMMUNICATION","The candidate must leave a clear decision trail in the transcript, README, or UI so a reviewer can understand the release-gating rules, assumptions, and known production gaps without inferring them from code alone.",3,3,"","",""
"upkf8c2cuwgrg6o84ojvh6ae","challenge-custom-block-28-lo7gt","Block: Senior Software Engineer — Tax Engine (Cash App)","Block","Senior Software Engineer — Tax Engine (Cash App)","TECHNICAL_APPROACH","Designs decoupled architecture and pure logic prior to UI generation.",5,3,"","",""
"j47nkddz5w2ypzdrrrg36ggt","challenge-custom-block-28-lo7gt","Block: Senior Software Engineer — Tax Engine (Cash App)","Block","Senior Software Engineer — Tax Engine (Cash App)","CRITICAL_JUDGMENT","Catches planted AI defects and unverified assumptions.",5,3,"","",""
"h8euoqmm7vgop094zwwpvlj6","challenge-custom-block-28-lo7gt","Block: Senior Software Engineer — Tax Engine (Cash App)","Block","Senior Software Engineer — Tax Engine (Cash App)","TRADEOFF_AWARENESS","Explains technical trade-offs and performance considerations.",4,3,"","",""
"letk9xojjqzx4222mw3i5fyb","challenge-custom-block-28-lo7gt","Block: Senior Software Engineer — Tax Engine (Cash App)","Block","Senior Software Engineer — Tax Engine (Cash App)","DOMAIN_FIT","Tailors features to the actual real-world needs of the domain.",4,3,"","",""
"p3gvt2xagedc3w9ql9nvt4sf","challenge-custom-block-28-lo7gt","Block: Senior Software Engineer — Tax Engine (Cash App)","Block","Senior Software Engineer — Tax Engine (Cash App)","COMMUNICATION","Directs AI assistant with clear, structured prompts and clear documentation.",3,3,"","",""
"k1f7idjwpk2slfkgvp6qc09l","challenge-custom-macquariegroup-29-l7xxv","Macquarie Group: Senior Software Engineer — Cybersecurity & Detection Engineering","Macquarie Group","Senior Software Engineer — Cybersecurity & Detection Engineering","PROBLEM_FRAMING","Clarifies scope boundaries, non-goals, and edge cases before coding.",4,3,"","",""
"x117aslqvaoagwcy1nzlxftn","challenge-custom-macquariegroup-29-l7xxv","Macquarie Group: Senior Software Engineer — Cybersecurity & Detection Engineering","Macquarie Group","Senior Software Engineer — Cybersecurity & Detection Engineering","TECHNICAL_APPROACH","Designs decoupled architecture and pure logic prior to UI generation.",5,3,"","",""
"enxt7qjwdr7rchp9j1oky5he","challenge-custom-macquariegroup-29-l7xxv","Macquarie Group: Senior Software Engineer — Cybersecurity & Detection Engineering","Macquarie Group","Senior Software Engineer — Cybersecurity & Detection Engineering","CRITICAL_JUDGMENT","Catches planted AI defects and unverified assumptions.",5,3,"","",""
"lfn8ow6008yrtcf9yr9viaeh","challenge-custom-macquariegroup-29-l7xxv","Macquarie Group: Senior Software Engineer — Cybersecurity & Detection Engineering","Macquarie Group","Senior Software Engineer — Cybersecurity & Detection Engineering","TRADEOFF_AWARENESS","Explains technical trade-offs and performance considerations.",4,3,"","",""
"bwa5k6jpih4j5pnt62c7x679","challenge-custom-macquariegroup-29-l7xxv","Macquarie Group: Senior Software Engineer — Cybersecurity & Detection Engineering","Macquarie Group","Senior Software Engineer — Cybersecurity & Detection Engineering","DOMAIN_FIT","Tailors features to the actual real-world needs of the domain.",4,3,"","",""
"yk6iqry12alnhvzbwej8pvs5","challenge-custom-macquariegroup-29-l7xxv","Macquarie Group: Senior Software Engineer — Cybersecurity & Detection Engineering","Macquarie Group","Senior Software Engineer — Cybersecurity & Detection Engineering","COMMUNICATION","Directs AI assistant with clear, structured prompts and clear documentation.",3,3,"","",""
"j13bboff1hi82e6408514o0c","challenge-custom-rippling-30-ck85w","Rippling: Senior Software Engineer — Global Payroll","Rippling","Senior Software Engineer — Global Payroll","PROBLEM_FRAMING","Clarifies scope boundaries, non-goals, and edge cases before coding.",4,3,"","",""
"di6eg78dw5wi88defm8m5vol","challenge-custom-rippling-30-ck85w","Rippling: Senior Software Engineer — Global Payroll","Rippling","Senior Software Engineer — Global Payroll","TECHNICAL_APPROACH","Designs decoupled architecture and pure logic prior to UI generation.",5,3,"","",""
"y79zxnr30ws4jfn0fazubpl9","challenge-custom-rippling-30-ck85w","Rippling: Senior Software Engineer — Global Payroll","Rippling","Senior Software Engineer — Global Payroll","CRITICAL_JUDGMENT","Catches planted AI defects and unverified assumptions.",5,3,"","",""
"z11xfvh5583lyeij6nldykc3","challenge-custom-rippling-30-ck85w","Rippling: Senior Software Engineer — Global Payroll","Rippling","Senior Software Engineer — Global Payroll","TRADEOFF_AWARENESS","Explains technical trade-offs and performance considerations.",4,3,"","",""
"lgl8ai75z6z7gyl3f5df2y8b","challenge-custom-rippling-30-ck85w","Rippling: Senior Software Engineer — Global Payroll","Rippling","Senior Software Engineer — Global Payroll","DOMAIN_FIT","Tailors features to the actual real-world needs of the domain.",4,3,"","",""
"an69fzuyyso89lbstrr97b4m","challenge-custom-rippling-30-ck85w","Rippling: Senior Software Engineer — Global Payroll","Rippling","Senior Software Engineer — Global Payroll","COMMUNICATION","Directs AI assistant with clear, structured prompts and clear documentation.",3,3,"","",""
"hximra7ybv0cv4pstwkk407a","challenge-custom-macquariegroup-31-xguss","Macquarie Group: Senior Software Engineer — Payments & Core Banking Platforms","Macquarie Group","Senior Software Engineer — Payments & Core Banking Platforms","PROBLEM_FRAMING","Clarifies scope boundaries, non-goals, and edge cases before coding.",4,3,"","",""
"rcw2f71murqir4ymc4n4nvlx","challenge-custom-macquariegroup-31-xguss","Macquarie Group: Senior Software Engineer — Payments & Core Banking Platforms","Macquarie Group","Senior Software Engineer — Payments & Core Banking Platforms","TECHNICAL_APPROACH","Designs decoupled architecture and pure logic prior to UI generation.",5,3,"","",""
"i7wcsopj0fils4x0woq5fwyn","challenge-custom-macquariegroup-31-xguss","Macquarie Group: Senior Software Engineer — Payments & Core Banking Platforms","Macquarie Group","Senior Software Engineer — Payments & Core Banking Platforms","CRITICAL_JUDGMENT","Catches planted AI defects and unverified assumptions.",5,3,"","",""
"cgga8etkoazurxfgl85cfpph","challenge-custom-macquariegroup-31-xguss","Macquarie Group: Senior Software Engineer — Payments & Core Banking Platforms","Macquarie Group","Senior Software Engineer — Payments & Core Banking Platforms","TRADEOFF_AWARENESS","Explains technical trade-offs and performance considerations.",4,3,"","",""
"svycuifrqf444lno6v7ugq2n","challenge-custom-macquariegroup-31-xguss","Macquarie Group: Senior Software Engineer — Payments & Core Banking Platforms","Macquarie Group","Senior Software Engineer — Payments & Core Banking Platforms","DOMAIN_FIT","Tailors features to the actual real-world needs of the domain.",4,3,"","",""
"fy5lf9uphml50boh22qj99xw","challenge-custom-macquariegroup-31-xguss","Macquarie Group: Senior Software Engineer — Payments & Core Banking Platforms","Macquarie Group","Senior Software Engineer — Payments & Core Banking Platforms","COMMUNICATION","Directs AI assistant with clear, structured prompts and clear documentation.",3,3,"","",""
"clkiry7g3t2b9plfg4rr5jd3","challenge-custom-employmenthero-32-oqngb","Employment Hero: Intermediate Backend Engineer — Payroll & HR OS","Employment Hero","Intermediate Backend Engineer — Payroll & HR OS","PROBLEM_FRAMING","Clarifies scope boundaries, non-goals, and edge cases before coding.",4,3,"","",""
"j1uc38mos820774d5loabg53","challenge-custom-employmenthero-32-oqngb","Employment Hero: Intermediate Backend Engineer — Payroll & HR OS","Employment Hero","Intermediate Backend Engineer — Payroll & HR OS","TECHNICAL_APPROACH","Designs decoupled architecture and pure logic prior to UI generation.",5,3,"","",""
"wlyzugdwegqrjpwwu8rejzds","challenge-custom-employmenthero-32-oqngb","Employment Hero: Intermediate Backend Engineer — Payroll & HR OS","Employment Hero","Intermediate Backend Engineer — Payroll & HR OS","CRITICAL_JUDGMENT","Catches planted AI defects and unverified assumptions.",5,3,"","",""
"evq0u3n4i3ew5k9mjq46qir5","challenge-custom-employmenthero-32-oqngb","Employment Hero: Intermediate Backend Engineer — Payroll & HR OS","Employment Hero","Intermediate Backend Engineer — Payroll & HR OS","TRADEOFF_AWARENESS","Explains technical trade-offs and performance considerations.",4,3,"","",""
"x10oq0y283jq5029bingbp18","challenge-custom-employmenthero-32-oqngb","Employment Hero: Intermediate Backend Engineer — Payroll & HR OS","Employment Hero","Intermediate Backend Engineer — Payroll & HR OS","DOMAIN_FIT","Tailors features to the actual real-world needs of the domain.",4,3,"","",""
"q25mx3t14b811fo0tzrvnh0x","challenge-custom-employmenthero-32-oqngb","Employment Hero: Intermediate Backend Engineer — Payroll & HR OS","Employment Hero","Intermediate Backend Engineer — Payroll & HR OS","COMMUNICATION","Directs AI assistant with clear, structured prompts and clear documentation.",3,3,"","",""
"xnevmu6drffey81fee8etv88","challenge-custom-macquariegroup-42-4ruxv","Macquarie Group: Cloud Platform Engineer — Distributed Kubernetes & Go","Macquarie Group","Cloud Platform Engineer — Distributed Kubernetes & Go","TRADEOFF_AWARENESS","Explains technical trade-offs and performance considerations.",4,3,"","",""
"dvgte4vu5mpdsuwljazeyiyq","challenge-custom-macquariegroup-42-4ruxv","Macquarie Group: Cloud Platform Engineer — Distributed Kubernetes & Go","Macquarie Group","Cloud Platform Engineer — Distributed Kubernetes & Go","DOMAIN_FIT","Tailors features to the actual real-world needs of the domain.",4,3,"","",""
"v2os61rkug5ep8erxwoc5nfd","challenge-custom-macquariegroup-42-4ruxv","Macquarie Group: Cloud Platform Engineer — Distributed Kubernetes & Go","Macquarie Group","Cloud Platform Engineer — Distributed Kubernetes & Go","COMMUNICATION","Directs AI assistant with clear, structured prompts and clear documentation.",3,3,"","",""
"nwpryukwg62ogzp8o43kquwe","challenge-custom-amazonwebservicesaws-43-xqpr9","Amazon Web Services (AWS): Systems Development Engineer — Sovereign Cloud & Route 53 DNS","Amazon Web Services (AWS)","Systems Development Engineer — Sovereign Cloud & Route 53 DNS","PROBLEM_FRAMING","Clarifies scope boundaries, non-goals, and edge cases before coding.",4,3,"","",""
"bk0y3bt8kx4ka4hz15s6363z","challenge-custom-amazonwebservicesaws-43-xqpr9","Amazon Web Services (AWS): Systems Development Engineer — Sovereign Cloud & Route 53 DNS","Amazon Web Services (AWS)","Systems Development Engineer — Sovereign Cloud & Route 53 DNS","TECHNICAL_APPROACH","Designs decoupled architecture and pure logic prior to UI generation.",5,3,"","",""
"glivwegy0nvmwl1d5018izo9","challenge-custom-amazonwebservicesaws-43-xqpr9","Amazon Web Services (AWS): Systems Development Engineer — Sovereign Cloud & Route 53 DNS","Amazon Web Services (AWS)","Systems Development Engineer — Sovereign Cloud & Route 53 DNS","CRITICAL_JUDGMENT","Catches planted AI defects and unverified assumptions.",5,3,"","",""
"hztfqibni0cg1udpfr00s78n","challenge-custom-amazonwebservicesaws-43-xqpr9","Amazon Web Services (AWS): Systems Development Engineer — Sovereign Cloud & Route 53 DNS","Amazon Web Services (AWS)","Systems Development Engineer — Sovereign Cloud & Route 53 DNS","TRADEOFF_AWARENESS","Explains technical trade-offs and performance considerations.",4,3,"","",""
"qs9bmfcvz106ejp08vmis6kk","challenge-custom-amazonwebservicesaws-43-xqpr9","Amazon Web Services (AWS): Systems Development Engineer — Sovereign Cloud & Route 53 DNS","Amazon Web Services (AWS)","Systems Development Engineer — Sovereign Cloud & Route 53 DNS","DOMAIN_FIT","Tailors features to the actual real-world needs of the domain.",4,3,"","",""
"n6wvizpzz9v57yfqr8hqhivk","challenge-custom-amazonwebservicesaws-43-xqpr9","Amazon Web Services (AWS): Systems Development Engineer — Sovereign Cloud & Route 53 DNS","Amazon Web Services (AWS)","Systems Development Engineer — Sovereign Cloud & Route 53 DNS","COMMUNICATION","Directs AI assistant with clear, structured prompts and clear documentation.",3,3,"","",""
"biyw2y57ag4mxeg4f65454xz","challenge-custom-ericssonaustralia-44-uwkjo","Ericsson Australia: Senior Cloud Infrastructure & Systems Integrator","Ericsson Australia","Senior Cloud Infrastructure & Systems Integrator","PROBLEM_FRAMING","Clarifies scope boundaries, non-goals, and edge cases before coding.",4,3,"","",""
"yyu4e6qvr04akbbolpr4w6ik","challenge-custom-ericssonaustralia-44-uwkjo","Ericsson Australia: Senior Cloud Infrastructure & Systems Integrator","Ericsson Australia","Senior Cloud Infrastructure & Systems Integrator","TECHNICAL_APPROACH","Designs decoupled architecture and pure logic prior to UI generation.",5,3,"","",""
"bqw9hcv7y3owrb3gvj7xiw2t","challenge-custom-ericssonaustralia-44-uwkjo","Ericsson Australia: Senior Cloud Infrastructure & Systems Integrator","Ericsson Australia","Senior Cloud Infrastructure & Systems Integrator","CRITICAL_JUDGMENT","Catches planted AI defects and unverified assumptions.",5,3,"","",""
"d7tz4ws28k7ez15ik7yngtr8","challenge-custom-canva-mukbmdxi","Canva: Staff Frontend Engineer — Core Canvas","Canva","Staff Frontend Engineer — Core Canvas","PROBLEM_FRAMING","Clarifies scope boundaries, non-goals, and edge cases before coding.",4,3,"","",""
"hr43ji2hmmrsjyj25uup6gdp","challenge-custom-canva-mukbmdxi","Canva: Staff Frontend Engineer — Core Canvas","Canva","Staff Frontend Engineer — Core Canvas","TECHNICAL_APPROACH","Designs decoupled architecture and pure logic prior to UI generation.",5,3,"","",""
"aasrnlgcu0bsjjbmnqxlhavx","challenge-custom-canva-mukbmdxi","Canva: Staff Frontend Engineer — Core Canvas","Canva","Staff Frontend Engineer — Core Canvas","CRITICAL_JUDGMENT","Catches planted AI defects and unverified assumptions.",5,3,"","",""
"ywtbui9ldqx7maxx09jfc8y1","challenge-custom-canva-mukbmdxi","Canva: Staff Frontend Engineer — Core Canvas","Canva","Staff Frontend Engineer — Core Canvas","TRADEOFF_AWARENESS","Explains technical trade-offs and performance considerations.",4,3,"","",""
"e120aso67s1l7td4ztl4xwmc","challenge-custom-canva-mukbmdxi","Canva: Staff Frontend Engineer — Core Canvas","Canva","Staff Frontend Engineer — Core Canvas","DOMAIN_FIT","Tailors features to the actual real-world needs of the domain.",4,3,"","",""
"g120609yn9dtrt8u3w5sllaf","challenge-custom-canva-mukbmdxi","Canva: Staff Frontend Engineer — Core Canvas","Canva","Staff Frontend Engineer — Core Canvas","COMMUNICATION","Directs AI assistant with clear, structured prompts and clear documentation.",3,3,"","",""
"he992kn5pyqh7nfzkkqemk2p","challenge-custom-stripe-mukbmdxi","Stripe: Senior Backend Payments Engineer","Stripe","Senior Backend Payments Engineer","PROBLEM_FRAMING","Clarifies scope boundaries, non-goals, and edge cases before coding.",4,3,"","",""
"nkfyxo4q5prouqhdrtga4o9e","challenge-custom-stripe-mukbmdxi","Stripe: Senior Backend Payments Engineer","Stripe","Senior Backend Payments Engineer","TECHNICAL_APPROACH","Designs decoupled architecture and pure logic prior to UI generation.",5,3,"","",""
"tx3be2s4srmav24kdxpdgx92","challenge-custom-stripe-mukbmdxi","Stripe: Senior Backend Payments Engineer","Stripe","Senior Backend Payments Engineer","CRITICAL_JUDGMENT","Catches planted AI defects and unverified assumptions.",5,3,"","",""
"y7xkq3k9xe6fjixqj18lqym8","challenge-custom-stripe-mukbmdxi","Stripe: Senior Backend Payments Engineer","Stripe","Senior Backend Payments Engineer","TRADEOFF_AWARENESS","Explains technical trade-offs and performance considerations.",4,3,"","",""
"ciotq9akdjka3lflkrmrghsc","challenge-custom-stripe-mukbmdxi","Stripe: Senior Backend Payments Engineer","Stripe","Senior Backend Payments Engineer","DOMAIN_FIT","Tailors features to the actual real-world needs of the domain.",4,3,"","",""
"f2jfp9g2grpdumn3ar2zfwyh","challenge-custom-ericssonaustralia-44-uwkjo","Ericsson Australia: Senior Cloud Infrastructure & Systems Integrator","Ericsson Australia","Senior Cloud Infrastructure & Systems Integrator","TRADEOFF_AWARENESS","Explains technical trade-offs and performance considerations.",4,3,"","",""
"xiisivkkaok22zh7xfp9hv56","challenge-custom-stripe-mukbmdxi","Stripe: Senior Backend Payments Engineer","Stripe","Senior Backend Payments Engineer","COMMUNICATION","Directs AI assistant with clear, structured prompts and clear documentation.",3,3,"","",""
"jq4hfkgs6vazqwl66at10efc","challenge-custom-employmenthero-mukbmdxi","Employment Hero: Senior Full-Stack Engineer — Payroll Engine","Employment Hero","Senior Full-Stack Engineer — Payroll Engine","PROBLEM_FRAMING","Clarifies scope boundaries, non-goals, and edge cases before coding.",4,3,"","",""
"ro9z0qkia6y0upuq8lyih5bz","challenge-custom-employmenthero-mukbmdxi","Employment Hero: Senior Full-Stack Engineer — Payroll Engine","Employment Hero","Senior Full-Stack Engineer — Payroll Engine","TECHNICAL_APPROACH","Designs decoupled architecture and pure logic prior to UI generation.",5,3,"","",""
"j9i6ejixecuxy9uful7koq4t","k26sonnwr84po5d8jzguzqg4","Evidence-First Applicant Review Dashboard","TalentAI","Full-Stack Engineer — AI Resume Screener","PROBLEM_FRAMING","Before building, identify and resolve the brief’s key ambiguities for this applicant review dashboard: evidence status granularity, treatment of low AI match scores, and whether candidate names are displayed or masked.",4,3,"","",""
"lkq2zp8b2j85x39dp9di5kp1","k26sonnwr84po5d8jzguzqg4","Evidence-First Applicant Review Dashboard","TalentAI","Full-Stack Engineer — AI Resume Screener","PROBLEM_FRAMING","Translate the challenge into explicit acceptance criteria tied to the required recruiter workflow before directing implementation.",3,3,"","",""
"j4iks94eih57ct0pmot7nrt6","k26sonnwr84po5d8jzguzqg4","Evidence-First Applicant Review Dashboard","TalentAI","Full-Stack Engineer — AI Resume Screener","TECHNICAL_APPROACH","Use a defensible front-end architecture and state/data model for applicants, AI claims, cited resume snippets, filters, selected applicant, review decisions, and evidence statuses.",4,3,"","",""
"e4lf101vbhfh9ram8l6gd8o7","k26sonnwr84po5d8jzguzqg4","Evidence-First Applicant Review Dashboard","TalentAI","Full-Stack Engineer — AI Resume Screener","TECHNICAL_APPROACH","Design the filtering and review flow so applicants hidden by filters are recoverable and the AI match score cannot become an automatic decision mechanism.",5,3,"","",""
"l13e8m4badwmsea18kpj8z6l","y12xrqet79xw80x1jhuy73sm","Jump Trading — Resilient API Gateway with Australian Privacy Masking","Jump Trading","Production Engineer, Crypto Infrastructure","PROBLEM_FRAMING","Interrogates domain invariants and schema constraints before invoking code generation.",15,3,"","",""
"wuc3dtc6plv67n9hrxtt1qg4","challenge-custom-employmenthero-mukbmdxi","Employment Hero: Senior Full-Stack Engineer — Payroll Engine","Employment Hero","Senior Full-Stack Engineer — Payroll Engine","CRITICAL_JUDGMENT","Catches planted AI defects and unverified assumptions.",5,3,"","",""
"xr9r3bmlre4beuzbb6xci51f","challenge-custom-employmenthero-mukbmdxi","Employment Hero: Senior Full-Stack Engineer — Payroll Engine","Employment Hero","Senior Full-Stack Engineer — Payroll Engine","TRADEOFF_AWARENESS","Explains technical trade-offs and performance considerations.",4,3,"","",""
"n107p5vlk7230luivnumcopc","challenge-custom-employmenthero-mukbmdxi","Employment Hero: Senior Full-Stack Engineer — Payroll Engine","Employment Hero","Senior Full-Stack Engineer — Payroll Engine","DOMAIN_FIT","Tailors features to the actual real-world needs of the domain.",4,3,"","",""
"mrygxi09nzz4dqizimezozkk","k26sonnwr84po5d8jzguzqg4","Evidence-First Applicant Review Dashboard","TalentAI","Full-Stack Engineer — AI Resume Screener","AI_DIRECTION","Direct the AI coding assistant with concrete, project-specific prompts that specify files, components, data shape, constraints, and acceptance checks.",5,3,"","",""
"i7xpx8o2bevzvwse9p59epi0","k26sonnwr84po5d8jzguzqg4","Evidence-First Applicant Review Dashboard","TalentAI","Full-Stack Engineer — AI Resume Screener","AI_DIRECTION","Iterate with the AI assistant based on observed gaps, build errors, or preview behavior rather than accepting the first generated version.",5,3,"","",""
"iuh54kh7b85l3wazrrnue8bx","k26sonnwr84po5d8jzguzqg4","Evidence-First Applicant Review Dashboard","TalentAI","Full-Stack Engineer — AI Resume Screener","CRITICAL_JUDGMENT","Independently verify that AI-generated skill claims are grounded in cited resume snippets, and ensure at least one unsupported or questionable AI mistake is discoverable in the UI.",5,3,"","",""
"zty75f5ub3nbshfni763hquq","k26sonnwr84po5d8jzguzqg4","Evidence-First Applicant Review Dashboard","TalentAI","Full-Stack Engineer — AI Resume Screener","CRITICAL_JUDGMENT","Catch and correct assistant output that violates hiring fairness, privacy, or scope constraints.",5,3,"","",""
"mzybp2xaefgqolw4adtj6kc1","k26sonnwr84po5d8jzguzqg4","Evidence-First Applicant Review Dashboard","TalentAI","Full-Stack Engineer — AI Resume Screener","TRADEOFF_AWARENESS","Explain the tradeoff behind the chosen evidence-status model, such as per-claim, per-applicant, or both, in relation to prototype size and reviewer usefulness.",4,3,"","",""
"jz0a463pljm7w9d3dq8txori","k26sonnwr84po5d8jzguzqg4","Evidence-First Applicant Review Dashboard","TalentAI","Full-Stack Engineer — AI Resume Screener","TRADEOFF_AWARENESS","Explain how filtering balances speed for recruiters with fairness and recoverability for applicants.",4,3,"","",""
"zo8jef060pypau7hj84mmy5x","y12xrqet79xw80x1jhuy73sm","Jump Trading — Resilient API Gateway with Australian Privacy Masking","Jump Trading","Production Engineer, Crypto Infrastructure","TECHNICAL_APPROACH","Designs modular architecture with clear separation of business logic from I/O.",15,3,"","",""
"ydxmjtny0jg1tmr96lqyt3au","k26sonnwr84po5d8jzguzqg4","Evidence-First Applicant Review Dashboard","TalentAI","Full-Stack Engineer — AI Resume Screener","DOMAIN_FIT","Shape the prototype around the actual TalentAI-style use case: recruiter review of AI-assisted resume evidence for a Software Engineer role, not a generic CRUD/admin dashboard.",4,3,"","",""
"v18ajfgoarl1egk0cz69g6ux","k26sonnwr84po5d8jzguzqg4","Evidence-First Applicant Review Dashboard","TalentAI","Full-Stack Engineer — AI Resume Screener","DOMAIN_FIT","Reflect the fairness-aware hiring context in workflow details, not only in hidden fields.",3,3,"","",""
"r1zlgf5r8swsembtvywcxuuv","k26sonnwr84po5d8jzguzqg4","Evidence-First Applicant Review Dashboard","TalentAI","Full-Stack Engineer — AI Resume Screener","COMMUNICATION","Leave a legible decision trail for reviewers explaining the architecture, constraints, and verification steps used for this prototype.",3,3,"","",""
"bymrpjeet00kunf9elv47vwu","sj5k0cvzetk05zk94udos36g","TalentAI Evidence-Backed Applicant Review Prototype","TalentAI","Full-Stack Engineer — AI Resume Screener","PROBLEM_FRAMING","Before building, the candidate must surface and resolve the key ambiguities in the TalentAI applicant review workflow: how to treat aiMatchScore, how partial evidence affects required-skill filtering, and how recruiter decisions should be recorded.",4,3,"","",""
"fvptqkd02uce8k7aq85zlwt8","sj5k0cvzetk05zk94udos36g","TalentAI Evidence-Backed Applicant Review Prototype","TalentAI","Full-Stack Engineer — AI Resume Screener","PROBLEM_FRAMING","The candidate must translate the brief into concrete acceptance criteria for the prototype’s recruiter-facing flow: applicant list, selected-applicant detail, filters, evidence review, and decision counts.",3,3,"","",""
"wy021ebv4sc6u90lic1epgaj","sj5k0cvzetk05zk94udos36g","TalentAI Evidence-Backed Applicant Review Prototype","TalentAI","Full-Stack Engineer — AI Resume Screener","TECHNICAL_APPROACH","The candidate must choose a defensible front-end-only React architecture that uses static applicant data and local client state rather than adding backend services, external APIs, or real AI calls.",4,3,"","",""
"l904p4fkaecvpvvnu9s90bem","y12xrqet79xw80x1jhuy73sm","Jump Trading — Resilient API Gateway with Australian Privacy Masking","Jump Trading","Production Engineer, Crypto Infrastructure","AI_DIRECTION","Directs the AI assistant through structured, phased prompts rather than destructive one-shot generation.",15,3,"","",""
"pccd7nqsygn4jpkfoswptxmd","arcf84sbsrjiwv3ukp73l2q9","Full-Stack Engineer — AI Resume Screener & Bias Filter","Department of Climate Change, Energy, the Environment and Water (DCCEEW)","Artificial Intelligence & Machine Learning Applications Developer (AI & ML)","PROBLEM_FRAMING","Interrogates the brief to clarify which fields should be masked in blind review mode before writing code.",15,2,"","",""
"u1yfyrmo8zms7qly0ei8pb21","sj5k0cvzetk05zk94udos36g","TalentAI Evidence-Backed Applicant Review Prototype","TalentAI","Full-Stack Engineer — AI Resume Screener","TECHNICAL_APPROACH","The candidate must implement or direct implementation of evidence-aware filtering and display logic that treats validation statuses correctly: supported, partial, unsupported, and do_not_use.",5,3,"","",""
"w14di5swfeqmtvelbkwljvl1","sj5k0cvzetk05zk94udos36g","TalentAI Evidence-Backed Applicant Review Prototype","TalentAI","Full-Stack Engineer — AI Resume Screener","AI_DIRECTION","The candidate must give the AI coding assistant specific, constraint-aware instructions grounded in the TalentAI brief rather than generic dashboard prompts.",5,3,"","",""
"p130rj2lrrdmstflrsw5w3rp","sj5k0cvzetk05zk94udos36g","TalentAI Evidence-Backed Applicant Review Prototype","TalentAI","Full-Stack Engineer — AI Resume Screener","AI_DIRECTION","The candidate must iterate with the AI assistant in reviewable steps, using targeted follow-up prompts to refine logic, UI states, and edge cases.",5,3,"","",""
"b1gjthe0bf8qpxmae53nqoes","sj5k0cvzetk05zk94udos36g","TalentAI Evidence-Backed Applicant Review Prototype","TalentAI","Full-Stack Engineer — AI Resume Screener","CRITICAL_JUDGMENT","The candidate must verify AI-generated code and claims against the brief and static data, catching hallucinated functionality or mismatches before considering the prototype done.",5,3,"","",""
"vii2vj9n3zuajf808mqzpwwh","sj5k0cvzetk05zk94udos36g","TalentAI Evidence-Backed Applicant Review Prototype","TalentAI","Full-Stack Engineer — AI Resume Screener","CRITICAL_JUDGMENT","The candidate must test or direct testing of boundary and workflow cases that matter for this dashboard: hidden applicants, empty results, decision changes, and status counts.",5,3,"","",""
"xofvz2pulub384swnv1tvy9w","sj5k0cvzetk05zk94udos36g","TalentAI Evidence-Backed Applicant Review Prototype","TalentAI","Full-Stack Engineer — AI Resume Screener","TRADEOFF_AWARENESS","The candidate must make an explicit, defensible trade-off around aiMatchScore: how prominently to show it, whether to supplement it with evidence coverage, and how to prevent overreliance.",5,3,"","",""
"hupi91vvxy6xbseu0nv5dbck","y12xrqet79xw80x1jhuy73sm","Jump Trading — Resilient API Gateway with Australian Privacy Masking","Jump Trading","Production Engineer, Crypto Infrastructure","CRITICAL_JUDGMENT","Identifies and refactors injected AI traps, hallucinations, and security flaws.",20,3,"","",""
"gr10acozotyczghhiudez19m","y12xrqet79xw80x1jhuy73sm","Jump Trading — Resilient API Gateway with Australian Privacy Masking","Jump Trading","Production Engineer, Crypto Infrastructure","TRADEOFF_AWARENESS","Documents and defends performance, simplicity, and architectural trade-offs.",10,3,"","",""
"kph1ohujeuj3d2kk5zpxxf2o","sj5k0cvzetk05zk94udos36g","TalentAI Evidence-Backed Applicant Review Prototype","TalentAI","Full-Stack Engineer — AI Resume Screener","TRADEOFF_AWARENESS","The candidate must justify scope choices that fit the 180-minute prototype: what is implemented now versus intentionally left out under the brief’s constraints.",4,3,"","",""
"n62rjf9o0aub7lyfw4i3mcjn","sj5k0cvzetk05zk94udos36g","TalentAI Evidence-Backed Applicant Review Prototype","TalentAI","Full-Stack Engineer — AI Resume Screener","DOMAIN_FIT","The candidate must keep the solution aligned with TalentAI’s human-in-the-loop, fairness-aware applicant review context: AI assists, recruiters decide, and evidence must be inspectable.",4,3,"","",""
"o13l5am0p4a7m3l3oyvxx02c","sj5k0cvzetk05zk94udos36g","TalentAI Evidence-Backed Applicant Review Prototype","TalentAI","Full-Stack Engineer — AI Resume Screener","COMMUNICATION","The candidate must leave a reviewer-followable record of the key implementation decisions, assumptions, and verification steps, either in the transcript, README, or concise in-app notes.",3,3,"","",""
"rn08hotawnj73obebgo3g6ye","x2hkd5mekauhqw08fc29d0pn","Evidence-Backed Applicant Review Dashboard","TalentAI","Full-Stack Engineer — AI Resume Screener","PROBLEM_FRAMING","Before implementing, the candidate must identify and resolve the brief’s key ambiguities for this resume-review prototype: how AI claim evidence will be verified against resume text, whether skill filters use AI claims or locally verified evidence, and how personal identifiers will be handled in a fairness guardrail.",4,3,"","",""
"m3r2dexxyb5j4ts7oagl68ei","x2hkd5mekauhqw08fc29d0pn","Evidence-Backed Applicant Review Dashboard","TalentAI","Full-Stack Engineer — AI Resume Screener","PROBLEM_FRAMING","The candidate must clarify the recruiter decision workflow in terms of applicant, action, and job-related reason/note, including what makes a rejection reason acceptable for this fair-hiring context.",3,3,"","",""
"ii0f3zwarkvooret5ekmun23","x2hkd5mekauhqw08fc29d0pn","Evidence-Backed Applicant Review Dashboard","TalentAI","Full-Stack Engineer — AI Resume Screener","TECHNICAL_APPROACH","The candidate must choose a defensible front-end architecture for a Vite + React .jsx prototype that uses only static starter data and keeps filtering, applicant selection, evidence verification, and decisions in local/browser state.",4,3,"","",""
"jjlpvdm6dgjjasc9lr2dy75h","x2hkd5mekauhqw08fc29d0pn","Evidence-Backed Applicant Review Dashboard","TalentAI","Full-Stack Engineer — AI Resume Screener","TECHNICAL_APPROACH","The candidate must implement or direct a defensible method for mapping AI claims to resume evidence and role requirements, making supported, questionable, and unsupported claims visible rather than hiding them behind the aggregate match score.",5,3,"","",""
"jv9wbv5cfzcvyy9wl2q5ifcf","x2hkd5mekauhqw08fc29d0pn","Evidence-Backed Applicant Review Dashboard","TalentAI","Full-Stack Engineer — AI Resume Screener","AI_DIRECTION","The candidate must give the AI coding assistant specific, constrained implementation instructions that reflect the challenge constraints and the actual data/UI needs, rather than broad one-shot requests.",5,3,"","",""
"fl9cwud495ho24ba7k7k6c45","x2hkd5mekauhqw08fc29d0pn","Evidence-Backed Applicant Review Dashboard","TalentAI","Full-Stack Engineer — AI Resume Screener","AI_DIRECTION","The candidate must iteratively steer and course-correct the AI assistant based on intermediate outputs, especially when evidence verification, filter reversibility, decision capture, or fairness guardrails are incomplete.",5,3,"","",""
"no07u2u63oqivwkx2d0zf50l","x2hkd5mekauhqw08fc29d0pn","Evidence-Backed Applicant Review Dashboard","TalentAI","Full-Stack Engineer — AI Resume Screener","CRITICAL_JUDGMENT","The candidate must verify the AI assistant’s claims against the provided source data and challenge constraints, and push back when the assistant hallucinates data, capabilities, or compliance guarantees.",5,3,"","",""
"qxnqkx0blwhwg3evn57dq6rt","x2hkd5mekauhqw08fc29d0pn","Evidence-Backed Applicant Review Dashboard","TalentAI","Full-Stack Engineer — AI Resume Screener","CRITICAL_JUDGMENT","The candidate must direct verification of edge cases that matter for this workflow: score thresholds, multi-skill filters, clearing filters, unsupported quotes, empty decision reasons, and decision status updates.",4,3,"","",""
"czyjviadzkooqcwzlz52vbna","y12xrqet79xw80x1jhuy73sm","Jump Trading — Resilient API Gateway with Australian Privacy Masking","Jump Trading","Production Engineer, Crypto Infrastructure","DOMAIN_FIT","Adheres strictly to target company context and Australian compliance regulations.",15,3,"","",""
"qmxqwj4vtri1jekizpvkqkfd","challenge-custom-employmenthero-mukbmdxi","Employment Hero: Senior Full-Stack Engineer — Payroll Engine","Employment Hero","Senior Full-Stack Engineer — Payroll Engine","COMMUNICATION","Directs AI assistant with clear, structured prompts and clear documentation.",3,3,"","",""
"l138s9142ry50n6k4x98ruq1","x2hkd5mekauhqw08fc29d0pn","Evidence-Backed Applicant Review Dashboard","TalentAI","Full-Stack Engineer — AI Resume Screener","TRADEOFF_AWARENESS","The candidate must articulate tradeoffs in evidence verification and filtering choices, including what the prototype may miss or over-flag because it uses static resume text instead of real AI/parsing.",5,3,"","",""
"ajzunmqq0lkm1v0n5g9mfaf2","x2hkd5mekauhqw08fc29d0pn","Evidence-Backed Applicant Review Dashboard","TalentAI","Full-Stack Engineer — AI Resume Screener","TRADEOFF_AWARENESS","The candidate must make scope and product tradeoffs appropriate to the 180-minute prototype, prioritizing the required review workflow over out-of-scope systems.",4,3,"","",""
"g80s261tdvyifxcvt3o9bdiu","x2hkd5mekauhqw08fc29d0pn","Evidence-Backed Applicant Review Dashboard","TalentAI","Full-Stack Engineer — AI Resume Screener","DOMAIN_FIT","The candidate must keep the product behavior aligned with TalentAI’s fair-hiring, human-in-the-loop screening context: AI is advisory, recruiter decisions are explicit, and evidence is tied to job requirements.",5,3,"","",""
"n7qbqzyy5lawpq7k3vacu62a","x2hkd5mekauhqw08fc29d0pn","Evidence-Backed Applicant Review Dashboard","TalentAI","Full-Stack Engineer — AI Resume Screener","COMMUNICATION","The candidate must make their reasoning and final implementation choices legible to a reviewer from the transcript and files, including where the core workflow lives and how it satisfies the challenge constraints.",3,3,"","",""
"ttaprlnl031v1qc9gkkomlzf","fast-1789863610529","Full-Stack Engineer — AI Resume Screener: Prototype","TalentAI","Full-Stack Engineer — AI Resume Screener","PROBLEM_FRAMING","Clarifies scope boundaries, non-goals, and edge cases before coding.",4,3,"","",""
"jfvcewnyrkq3iqmono92d1sb","fast-1789863610529","Full-Stack Engineer — AI Resume Screener: Prototype","TalentAI","Full-Stack Engineer — AI Resume Screener","TECHNICAL_APPROACH","Designs decoupled architecture and pure logic prior to UI generation.",4,3,"","",""
"c1wfx8v0pvilad0j4euxjr8d","fast-1789863610529","Full-Stack Engineer — AI Resume Screener: Prototype","TalentAI","Full-Stack Engineer — AI Resume Screener","CRITICAL_JUDGMENT","Catches planted AI defects and unverified assumptions.",5,3,"","",""
"qcyq597jlvyes9z3rpd6oc64","fast-1789863610529","Full-Stack Engineer — AI Resume Screener: Prototype","TalentAI","Full-Stack Engineer — AI Resume Screener","TRADEOFF_AWARENESS","Explains technical trade-offs and performance considerations.",3,3,"","",""
"xugh03jtgjfiok9du85m2evo","fast-1789863610529","Full-Stack Engineer — AI Resume Screener: Prototype","TalentAI","Full-Stack Engineer — AI Resume Screener","DOMAIN_FIT","Tailors features to the actual real-world needs of the domain.",4,3,"","",""
"b11aa511iwshqof8c0egkjec","fast-1789863610529","Full-Stack Engineer — AI Resume Screener: Prototype","TalentAI","Full-Stack Engineer — AI Resume Screener","COMMUNICATION","Communicates intent clearly and documents decisions for reviewers.",3,3,"","",""
"vk37cbrsfinlrrpnrx4bkua8","y12xrqet79xw80x1jhuy73sm","Jump Trading — Resilient API Gateway with Australian Privacy Masking","Jump Trading","Production Engineer, Crypto Infrastructure","COMMUNICATION","Maintains professional git commit history and removes placeholder AI comments.",10,3,"","",""
"gcjdab6wyruhyc5bngb08vxt","challenge-custom-propeller-23-b8o0m","Propeller: Backend Processing Pipeline Engineer","Propeller","Backend Processing Pipeline Engineer","DOMAIN_FIT","Tailors features to the actual real-world needs of the domain.",4,3,"","",""
"u4n5iqf2chy7uo9vebee187p","lwxhsvns6od9gesvo2thi4n2","Fixed-Income Relative Value Model Tear Sheet","Unknown","Data Scientist","PROBLEM_FRAMING","Before or during implementation, explicitly resolve the brief’s ambiguous modelling choices for the tear sheet: whether to use supplied fair_oas_bp or recompute fair spread, how to construct the signal basket/portfolio, and how to handle stale_price, missing fair_oas_bp, and extreme or missing next_excess_ret_bp values.",4,3,"","",""
"yj58g8dn07vby9el7uut97y9","lwxhsvns6od9gesvo2thi4n2","Fixed-Income Relative Value Model Tear Sheet","Unknown","Data Scientist","TECHNICAL_APPROACH","Build a React 18 + Vite static front-end that is data-driven from the supplied CSV files and organized into reusable parsing, validation, calculation, and presentation code rather than a hard-coded mockup.",4,3,"","",""
"ygcwfh0aklf9mtnggk5enlnq","lwxhsvns6od9gesvo2thi4n2","Fixed-Income Relative Value Model Tear Sheet","Unknown","Data Scientist","TECHNICAL_APPROACH","Implement a defensible benchmarked backtest/diagnostic view using ex-ante signal formation and ex-post next_excess_ret_bp only for evaluation, including at least two clearly computed metrics against the supplied benchmark.",5,3,"","",""
"x8isf9wstjstln68xppbja54","lwxhsvns6od9gesvo2thi4n2","Fixed-Income Relative Value Model Tear Sheet","Unknown","Data Scientist","AI_DIRECTION","Direct the AI coding assistant with project-specific constraints and acceptance criteria, not just generic requests to create a dashboard.",5,3,"","",""
"e12c1ngafrccxno222svuefy","lwxhsvns6od9gesvo2thi4n2","Fixed-Income Relative Value Model Tear Sheet","Unknown","Data Scientist","AI_DIRECTION","Use iterative prompting to decompose the work, inspect outputs, and course-correct toward a runnable, requirement-complete prototype.",4,3,"","",""
"i9xczqvjfm066jn2duzs1uig","challenge-custom-datadog-mukbmdxj","Datadog: Senior Cloud Infrastructure Engineer","Datadog","Senior Cloud Infrastructure Engineer","PROBLEM_FRAMING","Clarifies scope boundaries, non-goals, and edge cases before coding.",4,3,"","",""
"s10yadibddvqrtrkmipga16o","challenge-custom-datadog-mukbmdxj","Datadog: Senior Cloud Infrastructure Engineer","Datadog","Senior Cloud Infrastructure Engineer","TECHNICAL_APPROACH","Designs decoupled architecture and pure logic prior to UI generation.",5,3,"","",""
"m12boiooxtso9sqx2lap7h8p","lwxhsvns6od9gesvo2thi4n2","Fixed-Income Relative Value Model Tear Sheet","Unknown","Data Scientist","CRITICAL_JUDGMENT","Treat the supplied model output as untrusted by adding validation and cross-checks for key fixed-income fields, and make anomalies visible instead of blindly presenting every row as valid.",5,3,"","",""
"ba4qc8s1ir29vzgx34j7ekz8","lwxhsvns6od9gesvo2thi4n2","Fixed-Income Relative Value Model Tear Sheet","Unknown","Data Scientist","CRITICAL_JUDGMENT","Verify and correct AI-generated implementation details that could invalidate the financial interpretation, especially residual sign convention, rich/cheap labels, leakage, and benchmark metric formulas.",5,3,"","",""
"ha0jot1ebj56vy73jnj0cvcg","lwxhsvns6od9gesvo2thi4n2","Fixed-Income Relative Value Model Tear Sheet","Unknown","Data Scientist","TRADEOFF_AWARENESS","Make explicit, defensible trade-offs for the research prototype, including simple signal construction, data-quality exclusions/inclusions, cost assumptions, and limits of the tiny synthetic sample.",5,3,"","",""
"o5a5s0jghwyn5c3mvci5bqrs","lwxhsvns6od9gesvo2thi4n2","Fixed-Income Relative Value Model Tear Sheet","Unknown","Data Scientist","TRADEOFF_AWARENESS","Stay within the prototype’s productionization boundary while still showing good engineering judgment for future production use.",3,3,"","",""
"yrph1zmqyx49m38y0n9di1q6","lwxhsvns6od9gesvo2thi4n2","Fixed-Income Relative Value Model Tear Sheet","Unknown","Data Scientist","DOMAIN_FIT","Represent fixed-income relative-value concepts in a way suitable for lead data scientists and portfolio managers: residuals, rich/cheap caveats, sector/rating/duration context, benchmark-relative performance, and synthetic research-support positioning.",4,3,"","",""
"ksilmcm5ksbdbo4p5ixl9vef","challenge-custom-datadog-mukbmdxj","Datadog: Senior Cloud Infrastructure Engineer","Datadog","Senior Cloud Infrastructure Engineer","CRITICAL_JUDGMENT","Catches planted AI defects and unverified assumptions.",5,3,"","",""
"tcavvgfx0hb37jcq52v3o72l","arcf84sbsrjiwv3ukp73l2q9","Full-Stack Engineer — AI Resume Screener & Bias Filter","Department of Climate Change, Energy, the Environment and Water (DCCEEW)","Artificial Intelligence & Machine Learning Applications Developer (AI & ML)","TECHNICAL_APPROACH","Constructs accessible, responsive React components with clean state management and no unnecessary rerenders.",15,2,"","",""
"luj26vuv5h4gn16gbwrk81kl","challenge-custom-datadog-mukbmdxj","Datadog: Senior Cloud Infrastructure Engineer","Datadog","Senior Cloud Infrastructure Engineer","TRADEOFF_AWARENESS","Explains technical trade-offs and performance considerations.",4,3,"","",""
"jg2v16onrl2isgtpen2fo3az","lwxhsvns6od9gesvo2thi4n2","Fixed-Income Relative Value Model Tear Sheet","Unknown","Data Scientist","DOMAIN_FIT","Provide portfolio-manager-facing inspection flows: an as-of date universe view, a useful cross-sectional visualization, and a bond drilldown explaining classification and subsequent sample performance.",3,3,"","",""
"drsmi0y5543zc2h302kako8p","lwxhsvns6od9gesvo2thi4n2","Fixed-Income Relative Value Model Tear Sheet","Unknown","Data Scientist","COMMUNICATION","Make the methodology, assumptions, and limitations legible inside the product or repository so a reviewer can trace how rankings, flags, and backtest metrics were produced.",3,3,"","",""
"rauppp3i5tq753yqlbjb2t4s","fast-1789867736795","Full-Stack Engineer — AI Resume Screener: Prototype","TalentAI","Full-Stack Engineer — AI Resume Screener","PROBLEM_FRAMING","Clarifies scope boundaries, non-goals, and edge cases before coding.",4,3,"","",""
"lpoyp3i1a6p9a85m2o2anin4","fast-1789867736795","Full-Stack Engineer — AI Resume Screener: Prototype","TalentAI","Full-Stack Engineer — AI Resume Screener","TECHNICAL_APPROACH","Designs decoupled architecture and pure logic prior to UI generation.",4,3,"","",""
"v1r2ouiyf4buvpls2uoc6yuy","fast-1789867736795","Full-Stack Engineer — AI Resume Screener: Prototype","TalentAI","Full-Stack Engineer — AI Resume Screener","CRITICAL_JUDGMENT","Catches planted AI defects and unverified assumptions.",5,3,"","",""
"r14085891g6uiviotao32eds","fast-1789867736795","Full-Stack Engineer — AI Resume Screener: Prototype","TalentAI","Full-Stack Engineer — AI Resume Screener","TRADEOFF_AWARENESS","Explains technical trade-offs and performance considerations.",3,3,"","",""
"vvlp0hqns6kmeh3mmj7o3i3y","fast-1789867736795","Full-Stack Engineer — AI Resume Screener: Prototype","TalentAI","Full-Stack Engineer — AI Resume Screener","DOMAIN_FIT","Tailors features to the actual real-world needs of the domain.",4,3,"","",""
"e9ju9osmvk7dp77ecv1zxtcu","fast-1789867736795","Full-Stack Engineer — AI Resume Screener: Prototype","TalentAI","Full-Stack Engineer — AI Resume Screener","COMMUNICATION","Communicates intent clearly and documents decisions for reviewers.",3,3,"","",""
"rnzwvz29plse58opc1rfre1r","ae2c8blj7ea9mt74orslm4h0","Course Team Board: Reliable Task Workflow Prototype","Atlassian","Frontend Engineer — Student & Team Task Tracker","PROBLEM_FRAMING","You must clarify or explicitly decide the workflow semantics before implementation: the five canonical columns, one-step movement rule, invalid status handling, and the special done rules for homework and bug tickets.",4,3,"","",""
"asabs6wjlf7jca6qsdii6ga2","ae2c8blj7ea9mt74orslm4h0","Course Team Board: Reliable Task Workflow Prototype","Atlassian","Frontend Engineer — Student & Team Task Tracker","PROBLEM_FRAMING","You must define the expected search, filtering, and metadata behavior for this prototype before or during the build, including how combined filters work and whether submitted/verified metadata is editable or fixed.",3,3,"","",""
"ogyuhokqlzkbhu3pdksjuybg","challenge-custom-datadog-mukbmdxj","Datadog: Senior Cloud Infrastructure Engineer","Datadog","Senior Cloud Infrastructure Engineer","DOMAIN_FIT","Tailors features to the actual real-world needs of the domain.",4,3,"","",""
"q13mygpdpmytqww2ofx2leg8","challenge-custom-datadog-mukbmdxj","Datadog: Senior Cloud Infrastructure Engineer","Datadog","Senior Cloud Infrastructure Engineer","COMMUNICATION","Directs AI assistant with clear, structured prompts and clear documentation.",3,3,"","",""
"njt7ymfcycm1vju8q5oiz5lr","ae2c8blj7ea9mt74orslm4h0","Course Team Board: Reliable Task Workflow Prototype","Atlassian","Frontend Engineer — Student & Team Task Tracker","TECHNICAL_APPROACH","You must choose a defensible frontend state architecture that keeps task data as a reliable source of truth and treats filtered/search results as derived data.",5,3,"","",""
"s7qkke01ndw5svvgst3wkahe","ae2c8blj7ea9mt74orslm4h0","Course Team Board: Reliable Task Workflow Prototype","Atlassian","Frontend Engineer — Student & Team Task Tracker","TECHNICAL_APPROACH","You must design localStorage persistence so task updates survive refreshes, seed data is used on first load, invalid stored data is handled safely, and reset restores the original seed tasks.",4,3,"","",""
"xs3jgjqizbbztw54b2a9nu1m","ae2c8blj7ea9mt74orslm4h0","Course Team Board: Reliable Task Workflow Prototype","Atlassian","Frontend Engineer — Student & Team Task Tracker","AI_DIRECTION","You must direct the AI coding assistant to treat the provided helper module as untrusted starter code and specifically address its mutation and persistence bugs.",5,3,"","",""
"phzl0b8vmnxnowzmbmpvukqv","ae2c8blj7ea9mt74orslm4h0","Course Team Board: Reliable Task Workflow Prototype","Atlassian","Frontend Engineer — Student & Team Task Tracker","AI_DIRECTION","You must use prompts that break the work into verifiable increments and give the AI precise acceptance criteria tied to this board, rather than asking for an undifferentiated generic app.",4,3,"","",""
"w1b3zbmpyeungkim0k7crf64","ae2c8blj7ea9mt74orslm4h0","Course Team Board: Reliable Task Workflow Prototype","Atlassian","Frontend Engineer — Student & Team Task Tracker","CRITICAL_JUDGMENT","You must detect and correct AI-generated logic that could mutate task data or make search/filter behavior irreversible.",5,3,"","",""
"lgxufsz83bny38flw3e4a6ej","ae2c8blj7ea9mt74orslm4h0","Course Team Board: Reliable Task Workflow Prototype","Atlassian","Frontend Engineer — Student & Team Task Tracker","CRITICAL_JUDGMENT","You must verify boundary cases for workflow transitions instead of only checking happy-path movement.",5,3,"","",""
"wu1gaopwjth3dfvdwzx09cv7","arcf84sbsrjiwv3ukp73l2q9","Full-Stack Engineer — AI Resume Screener & Bias Filter","Department of Climate Change, Energy, the Environment and Water (DCCEEW)","Artificial Intelligence & Machine Learning Applications Developer (AI & ML)","AI_DIRECTION","Prompts the AI helper in focused increments, specifying exact UI props and mock candidate data structures.",15,2,"","",""
"oj4vlkamqfpaz5r2vpez3a7i","ae2c8blj7ea9mt74orslm4h0","Course Team Board: Reliable Task Workflow Prototype","Atlassian","Frontend Engineer — Student & Team Task Tracker","TRADEOFF_AWARENESS","You must make scope tradeoffs appropriate to a 180-minute browser-only prototype, prioritizing reliable task workflows over out-of-scope features.",4,3,"","",""
"jd5xsoob4ce140957drozdxt","ae2c8blj7ea9mt74orslm4h0","Course Team Board: Reliable Task Workflow Prototype","Atlassian","Frontend Engineer — Student & Team Task Tracker","TRADEOFF_AWARENESS","You must explain chosen semantics for ambiguous product areas, especially combined filters/search and submitted/verified metadata, including what was intentionally not built.",3,3,"","",""
"veizlh36vcodyb7a626t5wmi","ae2c8blj7ea9mt74orslm4h0","Course Team Board: Reliable Task Workflow Prototype","Atlassian","Frontend Engineer — Student & Team Task Tracker","DOMAIN_FIT","You must keep the prototype grounded in the Atlassian-style student/team task-tracking domain, with mixed homework, team_task, and bug items shown in a project-board workflow.",4,3,"","",""
"j7w0qqmddx8l2b0klnzyt2of","ae2c8blj7ea9mt74orslm4h0","Course Team Board: Reliable Task Workflow Prototype","Atlassian","Frontend Engineer — Student & Team Task Tracker","COMMUNICATION","You must leave a reviewer-readable decision trail connecting the brief’s constraints to your implementation choices and verification steps.",3,3,"","",""
"pmo0khuhk3kt5bbv3sgmyrin","x136kkf8f7nnf063sidberp2","TalentAI Evidence-Backed Applicant Review Workbench","TalentAI","Full-Stack Engineer — AI Resume Screener","PROBLEM_FRAMING","Before building, surfaces and resolves the key applicant-review ambiguities in this brief: what counts as required-skill coverage, how AI match score should influence triage, and how much applicant identity information should be visible by default.",4,3,"","",""
"lzwhj0ptlywgq6ejjxs989po","x136kkf8f7nnf063sidberp2","TalentAI Evidence-Backed Applicant Review Workbench","TalentAI","Full-Stack Engineer — AI Resume Screener","TECHNICAL_APPROACH","Chooses a defensible front-end-only React architecture for the review workbench within the Vite constraints, using static data and browser/session state rather than backend services or external AI calls.",4,3,"","",""
"m10bupp9mzev3zj9ain07e01","arcf84sbsrjiwv3ukp73l2q9","Full-Stack Engineer — AI Resume Screener & Bias Filter","Department of Climate Change, Energy, the Environment and Water (DCCEEW)","Artificial Intelligence & Machine Learning Applications Developer (AI & ML)","CRITICAL_JUDGMENT","Catches AI hallucinations where unmentioned skills are marked as verified, correcting the matching logic.",20,2,"","",""
"fhp0el4kxkri014l7vy6i7r4","x136kkf8f7nnf063sidberp2","TalentAI Evidence-Backed Applicant Review Workbench","TalentAI","Full-Stack Engineer — AI Resume Screener","TECHNICAL_APPROACH","Implements filtering behavior around required-skill coverage and minimum AI match score so active filter effects are clear to a recruiter.",4,3,"","",""
"k331wxn14x6zjx8rbhq91b7g","x136kkf8f7nnf063sidberp2","TalentAI Evidence-Backed Applicant Review Workbench","TalentAI","Full-Stack Engineer — AI Resume Screener","AI_DIRECTION","Directs the AI coding assistant with project-specific constraints and acceptance criteria rather than generic dashboard instructions.",5,3,"","",""
"g4sms3897bqsxpsuq8d3v64j","x136kkf8f7nnf063sidberp2","TalentAI Evidence-Backed Applicant Review Workbench","TalentAI","Full-Stack Engineer — AI Resume Screener","AI_DIRECTION","Iterates with the AI assistant to inspect, test, and refine the implementation rather than accepting the first generated version.",4,3,"","",""
"ivq4zx27shuhaf2fqf0k3dyj","x136kkf8f7nnf063sidberp2","TalentAI Evidence-Backed Applicant Review Workbench","TalentAI","Full-Stack Engineer — AI Resume Screener","CRITICAL_JUDGMENT","Reviews AI-generated code and content for fairness and privacy violations, and corrects anything that would let recruiters use unusable screening factors or overexpose applicant data.",5,3,"","",""
"x7cnuxlu7qkw0bb73v9kh5xd","x136kkf8f7nnf063sidberp2","TalentAI Evidence-Backed Applicant Review Workbench","TalentAI","Full-Stack Engineer — AI Resume Screener","CRITICAL_JUDGMENT","Verifies the evidence logic and applicant state behavior against the challenge requirements, including cases where the AI score or claim is unreliable.",5,3,"","",""
"him7emxesk5a4l995r43karg","x136kkf8f7nnf063sidberp2","TalentAI Evidence-Backed Applicant Review Workbench","TalentAI","Full-Stack Engineer — AI Resume Screener","TRADEOFF_AWARENESS","Makes a clear, defensible tradeoff between using the AI match score for speed and prioritizing evidence-backed review for fair hiring.",5,3,"","",""
"f1127e13ipq61ku6fmclvnmt","challenge-custom-atlassian-mukbmdxj","Atlassian: Senior Real-Time Collaborative Engineer","Atlassian","Senior Real-Time Collaborative Engineer","PROBLEM_FRAMING","Clarifies scope boundaries, non-goals, and edge cases before coding.",4,3,"","",""
"jnfv3xirryyc4dzzktuv2fvb","challenge-custom-atlassian-mukbmdxj","Atlassian: Senior Real-Time Collaborative Engineer","Atlassian","Senior Real-Time Collaborative Engineer","TECHNICAL_APPROACH","Designs decoupled architecture and pure logic prior to UI generation.",5,3,"","",""
"ah2up3cy8d90rr27b062s7ri","x136kkf8f7nnf063sidberp2","TalentAI Evidence-Backed Applicant Review Workbench","TalentAI","Full-Stack Engineer — AI Resume Screener","TRADEOFF_AWARENESS","Acknowledges tradeoffs around privacy, persistence, and prototype scope instead of expanding into out-of-scope production features.",4,3,"","",""
"j6vxwfbaobxps34k5k29i1ac","x136kkf8f7nnf063sidberp2","TalentAI Evidence-Backed Applicant Review Workbench","TalentAI","Full-Stack Engineer — AI Resume Screener","DOMAIN_FIT","Creates starter data and UI states that reflect TalentAI’s fair-hiring resume-screening context: a single requisition, required skills, applicants, AI claims, evidence snippets, unsupported/uncertain claims, and fairness-risk AI notes.",5,3,"","",""
"ifp79n460evh4we4fzzf5w22","x136kkf8f7nnf063sidberp2","TalentAI Evidence-Backed Applicant Review Workbench","TalentAI","Full-Stack Engineer — AI Resume Screener","DOMAIN_FIT","Designs the recruiter decision workflow around job-related rationales and evidence status, with advance/approve, reject, and hold/needs-review all supported.",4,3,"","",""
"l7zic6iw3phtn6p430vdao0y","x136kkf8f7nnf063sidberp2","TalentAI Evidence-Backed Applicant Review Workbench","TalentAI","Full-Stack Engineer — AI Resume Screener","COMMUNICATION","Leaves a reviewer able to understand the implemented workflow, data model, and known limitations from the transcript and/or repository artifacts.",3,3,"","",""
"kp5f4fx9lyjtik14q05d0hz4","fast-1789985156472","Full-Stack Engineer — AI Resume Screener: Prototype","TalentAI","Full-Stack Engineer — AI Resume Screener","PROBLEM_FRAMING","Clarifies scope boundaries, non-goals, and edge cases before coding.",4,3,"","",""
"fh0xooo0ojaqedoscwhf8n4p","fast-1789985156472","Full-Stack Engineer — AI Resume Screener: Prototype","TalentAI","Full-Stack Engineer — AI Resume Screener","TECHNICAL_APPROACH","Designs decoupled architecture and pure logic prior to UI generation.",4,3,"","",""
"r2lb2wsugxg23xo11bx3kcxl","fast-1789985156472","Full-Stack Engineer — AI Resume Screener: Prototype","TalentAI","Full-Stack Engineer — AI Resume Screener","CRITICAL_JUDGMENT","Catches planted AI defects and unverified assumptions.",5,3,"","",""
"rudrj5aumo74qh9kjnhzwoac","fast-1789985156472","Full-Stack Engineer — AI Resume Screener: Prototype","TalentAI","Full-Stack Engineer — AI Resume Screener","TRADEOFF_AWARENESS","Explains technical trade-offs and performance considerations.",3,3,"","",""
"d14bbfqamjuotdm05w408rmr","fast-1789985156472","Full-Stack Engineer — AI Resume Screener: Prototype","TalentAI","Full-Stack Engineer — AI Resume Screener","DOMAIN_FIT","Tailors features to the actual real-world needs of the domain.",4,3,"","",""
"b110t75h8q8n1qrcbrysbl2j","fast-1789985156472","Full-Stack Engineer — AI Resume Screener: Prototype","TalentAI","Full-Stack Engineer — AI Resume Screener","COMMUNICATION","Communicates intent clearly and documents decisions for reviewers.",3,3,"","",""
"qrwr22cq58uq408n4ticppfo","ty8lg91cp4o6fhp4710m2m6a","Evidence-Backed Applicant Review Workbench","TalentAI","Full-Stack Engineer — AI Resume Screener","PROBLEM_FRAMING","Before building, the candidate must resolve or explicitly choose how ambiguous applicant filtering should work for this requisition: score threshold, required-skill coverage, and whether missing required skills exclude applicants or only flag them for review.",4,3,"","",""
"jdnw2krfou0gyb9u2n48sm0g","ty8lg91cp4o6fhp4710m2m6a","Evidence-Backed Applicant Review Workbench","TalentAI","Full-Stack Engineer — AI Resume Screener","PROBLEM_FRAMING","The candidate must identify the fairness and privacy boundaries of the applicant review workflow before or during implementation, including what information should not be inferred or used as evidence of fit.",4,3,"","",""
"u4fg9rf7d0l4264st0xysivx","ty8lg91cp4o6fhp4710m2m6a","Evidence-Backed Applicant Review Workbench","TalentAI","Full-Stack Engineer — AI Resume Screener","TECHNICAL_APPROACH","The candidate must choose a front-end-only architecture that fits the constraints: static data, no backend, no network calls, no API keys, no real LLM calls, and usable live browser preview.",4,3,"","",""
"m96af1dcibo48f5xqyovi1dz","ty8lg91cp4o6fhp4710m2m6a","Evidence-Backed Applicant Review Workbench","TalentAI","Full-Stack Engineer — AI Resume Screener","TECHNICAL_APPROACH","The candidate must model AI claims, cited resume snippets, and evidence status in a way that makes support, weak support, missing citation, and contradiction distinguishable in the UI.",5,3,"","",""
"wthq21stchumku58c38a2p1a","ty8lg91cp4o6fhp4710m2m6a","Evidence-Backed Applicant Review Workbench","TalentAI","Full-Stack Engineer — AI Resume Screener","AI_DIRECTION","The candidate must give the AI coding assistant specific, constraint-aware implementation instructions rather than asking for a generic dashboard.",5,3,"","",""
"tbuvw6nhflsgxbvbhmqpy6nm","ty8lg91cp4o6fhp4710m2m6a","Evidence-Backed Applicant Review Workbench","TalentAI","Full-Stack Engineer — AI Resume Screener","AI_DIRECTION","The candidate must iteratively steer and course-correct the AI assistant based on intermediate output, especially where the assistant drifts from the hiring-evidence constraints.",5,3,"","",""
"aj5hmyub8srxnjb9upjuvcnm","ty8lg91cp4o6fhp4710m2m6a","Evidence-Backed Applicant Review Workbench","TalentAI","Full-Stack Engineer — AI Resume Screener","CRITICAL_JUDGMENT","The candidate must verify AI-generated summaries, skill matches, and claims against the provided resume snippets and reject or flag unsupported assertions.",5,3,"","",""
"fxamf192ebry0anl26skuflv","challenge-custom-ericssonaustralia-44-uwkjo","Ericsson Australia: Senior Cloud Infrastructure & Systems Integrator","Ericsson Australia","Senior Cloud Infrastructure & Systems Integrator","DOMAIN_FIT","Tailors features to the actual real-world needs of the domain.",4,3,"","",""
"awamptf14anjncm7nkn0i6es","ty8lg91cp4o6fhp4710m2m6a","Evidence-Backed Applicant Review Workbench","TalentAI","Full-Stack Engineer — AI Resume Screener","CRITICAL_JUDGMENT","The candidate must verify core interactions and boundary cases for the review workbench rather than assuming the generated code works.",4,3,"","",""
"lcqlyr2b9pg0vfwi7rxwk1sj","ty8lg91cp4o6fhp4710m2m6a","Evidence-Backed Applicant Review Workbench","TalentAI","Full-Stack Engineer — AI Resume Screener","TRADEOFF_AWARENESS","The candidate must articulate how the prototype balances AI match score, skill coverage, evidence quality, and human judgment without making automated hiring decisions.",5,3,"","",""
"fj52t63l7atkamh6prnopwhg","ty8lg91cp4o6fhp4710m2m6a","Evidence-Backed Applicant Review Workbench","TalentAI","Full-Stack Engineer — AI Resume Screener","TRADEOFF_AWARENESS","The candidate must make timebox-aware scope choices, prioritizing the applicant review task over out-of-scope hiring platform features.",4,3,"","",""
"me9xc450ao612rnh9w4syy8l","ty8lg91cp4o6fhp4710m2m6a","Evidence-Backed Applicant Review Workbench","TalentAI","Full-Stack Engineer — AI Resume Screener","DOMAIN_FIT","The candidate must design for TalentAI's recruiter-facing, evidence-backed screening context rather than a generic HR directory or applicant tracker.",4,3,"","",""
"pymn611zrn2h65jqdt7ki0qd","ty8lg91cp4o6fhp4710m2m6a","Evidence-Backed Applicant Review Workbench","TalentAI","Full-Stack Engineer — AI Resume Screener","DOMAIN_FIT","The candidate must incorporate fairness-aware review mechanics appropriate for AI-assisted hiring, not just generic warnings.",4,3,"","",""
"m1nb5xsihmrb6cvsj35p5ug2","ty8lg91cp4o6fhp4710m2m6a","Evidence-Backed Applicant Review Workbench","TalentAI","Full-Stack Engineer — AI Resume Screener","COMMUNICATION","The candidate must leave a concise, reviewable trail of key decisions, assumptions, and verification steps so a reviewer can understand the implementation from the transcript and file tree.",3,3,"","",""
"ev5t97nrfvefvpe33274mxuu","arcf84sbsrjiwv3ukp73l2q9","Full-Stack Engineer — AI Resume Screener & Bias Filter","Department of Climate Change, Energy, the Environment and Water (DCCEEW)","Artificial Intelligence & Machine Learning Applications Developer (AI & ML)","TRADEOFF_AWARENESS","Explains UI/UX trade-offs between instant client-side filtering versus server-side pagination.",10,2,"","",""
"niugutzdehoryt9vxddl4mhq","challenge-custom-atlassian-mukbmdxj","Atlassian: Senior Real-Time Collaborative Engineer","Atlassian","Senior Real-Time Collaborative Engineer","CRITICAL_JUDGMENT","Catches planted AI defects and unverified assumptions.",5,3,"","",""
"p10zcyjark89o6tioslelkuy","challenge-custom-atlassian-mukbmdxj","Atlassian: Senior Real-Time Collaborative Engineer","Atlassian","Senior Real-Time Collaborative Engineer","TRADEOFF_AWARENESS","Explains technical trade-offs and performance considerations.",4,3,"","",""
"gr2fgh6npmrwiof7nij85ylt","challenge-custom-atlassian-mukbmdxj","Atlassian: Senior Real-Time Collaborative Engineer","Atlassian","Senior Real-Time Collaborative Engineer","DOMAIN_FIT","Tailors features to the actual real-world needs of the domain.",4,3,"","",""
"r37xrh4cfypulp9fs36rrvz5","challenge-custom-atlassian-mukbmdxj","Atlassian: Senior Real-Time Collaborative Engineer","Atlassian","Senior Real-Time Collaborative Engineer","COMMUNICATION","Directs AI assistant with clear, structured prompts and clear documentation.",3,3,"","",""
"t2tne39qtupquxsw2h2yo3t0","challenge-custom-cultureamp-mukbmdxj","Culture Amp: Senior Applied AI & Privacy Engineer","Culture Amp","Senior Applied AI & Privacy Engineer","PROBLEM_FRAMING","Clarifies scope boundaries, non-goals, and edge cases before coding.",4,3,"","",""
"fs681jfg1r8q3lwhr3f8bam2","challenge-canva-frontend","Canva: Staff Frontend Engineer","Canva","Staff Frontend Engineer","PROBLEM_FRAMING","Defines coordinate system boundaries, canvas pixel ratio handling, and non-goals before generating code.",4,3,"","",""
"khbkbf5z4vsiee7rklitmt0c","challenge-canva-frontend","Canva: Staff Frontend Engineer","Canva","Staff Frontend Engineer","TECHNICAL_APPROACH","Implements decoupled, pure mathematical transformation functions separate from React rendering hooks.",5,3,"","",""
"klukvll753ljmgxpgylyhq50","challenge-canva-frontend","Canva: Staff Frontend Engineer","Canva","Staff Frontend Engineer","CRITICAL_JUDGMENT","Identifies and fixes planted or subtle floating-point precision errors and boundary bugs in AI-generated math.",5,3,"","",""
"k46c3opfthx8mmfu4r9j3wkc","challenge-canva-frontend","Canva: Staff Frontend Engineer","Canva","Staff Frontend Engineer","TRADEOFF_AWARENESS","Analyzes trade-offs between DOM overlays vs pure HTML5 Canvas vs WebGL for interactive transformation handles.",4,3,"","",""
"atkz0xgowpj37n3j2rfc0zlr","challenge-canva-frontend","Canva: Staff Frontend Engineer","Canva","Staff Frontend Engineer","DOMAIN_FIT","Demonstrates empathy for Canva creator ergonomics with snapping thresholds and subtle visual cues.",4,3,"","",""
"bl2vph5g4wjswrn0fe17odq4","challenge-canva-frontend","Canva: Staff Frontend Engineer","Canva","Staff Frontend Engineer","COMMUNICATION","Maintains clear architecture documentation and concise, context-rich steering prompts throughout.",3,3,"","",""
"yqaphsk65bw433wd4fcyung9","challenge-stripe-payments","Stripe: Senior Backend Platform Engineer","Stripe","Senior Backend Platform Engineer","PROBLEM_FRAMING","Interrogates idempotency boundaries, delivery semantics (at-least-once), and non-goals before coding.",4,3,"","",""
"x62wibig3yw06qhnu7gem887","challenge-stripe-payments","Stripe: Senior Backend Platform Engineer","Stripe","Senior Backend Platform Engineer","TECHNICAL_APPROACH","Implements atomic compare-and-swap or transactional locking for idempotency key verification.",5,3,"","",""
"gkg36q7bb5zijmcv3fr0dwpb","challenge-custom-cultureamp-mukbmdxj","Culture Amp: Senior Applied AI & Privacy Engineer","Culture Amp","Senior Applied AI & Privacy Engineer","TECHNICAL_APPROACH","Designs decoupled architecture and pure logic prior to UI generation.",5,3,"","",""
"c4bq6htlmj3npmjdqqw3hv7c","challenge-custom-cultureamp-mukbmdxj","Culture Amp: Senior Applied AI & Privacy Engineer","Culture Amp","Senior Applied AI & Privacy Engineer","CRITICAL_JUDGMENT","Catches planted AI defects and unverified assumptions.",5,3,"","",""
"pgdpjutdwiavghri7oatzwx0","challenge-custom-cultureamp-mukbmdxj","Culture Amp: Senior Applied AI & Privacy Engineer","Culture Amp","Senior Applied AI & Privacy Engineer","TRADEOFF_AWARENESS","Explains technical trade-offs and performance considerations.",4,3,"","",""
"wsra30bx8oqnp9pe08ys05ti","challenge-custom-cultureamp-mukbmdxj","Culture Amp: Senior Applied AI & Privacy Engineer","Culture Amp","Senior Applied AI & Privacy Engineer","DOMAIN_FIT","Tailors features to the actual real-world needs of the domain.",4,3,"","",""
"sruy59qxj7kxz5lgm3urb8j0","challenge-custom-cultureamp-mukbmdxj","Culture Amp: Senior Applied AI & Privacy Engineer","Culture Amp","Senior Applied AI & Privacy Engineer","COMMUNICATION","Directs AI assistant with clear, structured prompts and clear documentation.",3,3,"","",""
"kn4euilr3tli9aan4t0nfr8i","challenge-custom-safetyculture-mukbmdxj","SafetyCulture: Senior Mobile Sync & Offline Systems Architect","SafetyCulture","Senior Mobile Sync & Offline Systems Architect","PROBLEM_FRAMING","Clarifies scope boundaries, non-goals, and edge cases before coding.",4,3,"","",""
"i488jdniknr0plnbedsbl7xf","challenge-custom-safetyculture-mukbmdxj","SafetyCulture: Senior Mobile Sync & Offline Systems Architect","SafetyCulture","Senior Mobile Sync & Offline Systems Architect","TECHNICAL_APPROACH","Designs decoupled architecture and pure logic prior to UI generation.",5,3,"","",""
"xvhpmyptqbl1pbepug3o8j2p","challenge-custom-safetyculture-mukbmdxj","SafetyCulture: Senior Mobile Sync & Offline Systems Architect","SafetyCulture","Senior Mobile Sync & Offline Systems Architect","CRITICAL_JUDGMENT","Catches planted AI defects and unverified assumptions.",5,3,"","",""
"h6jr1zd0girua83rh29mcfz8","challenge-custom-safetyculture-mukbmdxj","SafetyCulture: Senior Mobile Sync & Offline Systems Architect","SafetyCulture","Senior Mobile Sync & Offline Systems Architect","TRADEOFF_AWARENESS","Explains technical trade-offs and performance considerations.",4,3,"","",""
"vak3w9eta6rntueyfd32mak2","challenge-custom-safetyculture-mukbmdxj","SafetyCulture: Senior Mobile Sync & Offline Systems Architect","SafetyCulture","Senior Mobile Sync & Offline Systems Architect","DOMAIN_FIT","Tailors features to the actual real-world needs of the domain.",4,3,"","",""
"fumrof3vbpv217pjpsz7lxff","challenge-custom-safetyculture-mukbmdxj","SafetyCulture: Senior Mobile Sync & Offline Systems Architect","SafetyCulture","Senior Mobile Sync & Offline Systems Architect","COMMUNICATION","Directs AI assistant with clear, structured prompts and clear documentation.",3,3,"","",""
"zopudt0ywd2oeyntolybixv3","challenge-custom-vercel-mukbmdxj","Vercel: Senior Edge Runtime & Serverless Architect","Vercel","Senior Edge Runtime & Serverless Architect","PROBLEM_FRAMING","Clarifies scope boundaries, non-goals, and edge cases before coding.",4,3,"","",""
"bid3kuwbdfcttpbf3kkviwq2","challenge-custom-vercel-mukbmdxj","Vercel: Senior Edge Runtime & Serverless Architect","Vercel","Senior Edge Runtime & Serverless Architect","TECHNICAL_APPROACH","Designs decoupled architecture and pure logic prior to UI generation.",5,3,"","",""
"m45myavrpz32auvqbiuwf1ef","challenge-custom-vercel-mukbmdxj","Vercel: Senior Edge Runtime & Serverless Architect","Vercel","Senior Edge Runtime & Serverless Architect","CRITICAL_JUDGMENT","Catches planted AI defects and unverified assumptions.",5,3,"","",""
"sp16q8ay78fbscg2vr028t7e","challenge-custom-vercel-mukbmdxj","Vercel: Senior Edge Runtime & Serverless Architect","Vercel","Senior Edge Runtime & Serverless Architect","TRADEOFF_AWARENESS","Explains technical trade-offs and performance considerations.",4,3,"","",""
"qdhzivtmtphey31pn8kkzj8w","challenge-custom-vercel-mukbmdxj","Vercel: Senior Edge Runtime & Serverless Architect","Vercel","Senior Edge Runtime & Serverless Architect","DOMAIN_FIT","Tailors features to the actual real-world needs of the domain.",4,3,"","",""
"s3y1r8n3z9dc0r0kamto0h0a","challenge-custom-vercel-mukbmdxj","Vercel: Senior Edge Runtime & Serverless Architect","Vercel","Senior Edge Runtime & Serverless Architect","COMMUNICATION","Directs AI assistant with clear, structured prompts and clear documentation.",3,3,"","",""
"zzx7mavu7cb85w9lycirydxj","arcf84sbsrjiwv3ukp73l2q9","Full-Stack Engineer — AI Resume Screener & Bias Filter","Department of Climate Change, Energy, the Environment and Water (DCCEEW)","Artificial Intelligence & Machine Learning Applications Developer (AI & ML)","DOMAIN_FIT","Respects Fair Work anti-bias principles by strictly separating job-relevant skills from personal data.",15,2,"","",""
"a6stclhacwy76jb2xct761s9","arcf84sbsrjiwv3ukp73l2q9","Full-Stack Engineer — AI Resume Screener & Bias Filter","Department of Climate Change, Energy, the Environment and Water (DCCEEW)","Artificial Intelligence & Machine Learning Applications Developer (AI & ML)","COMMUNICATION","Maintains clear commit history, clean component names, and self-documenting code.",10,2,"","",""
"d8hhu57pfl5xsaojp8316p1q","challenge-custom-finder-mukbmdxj","Finder: Senior Open Banking & CDR Gateway Engineer","Finder","Senior Open Banking & CDR Gateway Engineer","PROBLEM_FRAMING","Clarifies scope boundaries, non-goals, and edge cases before coding.",4,3,"","",""
"fktn7shvu18sgg8h4w5qfzkg","challenge-custom-finder-mukbmdxj","Finder: Senior Open Banking & CDR Gateway Engineer","Finder","Senior Open Banking & CDR Gateway Engineer","TECHNICAL_APPROACH","Designs decoupled architecture and pure logic prior to UI generation.",5,3,"","",""
"mpyqzdtwayf6617ldz6z42k9","challenge-custom-finder-mukbmdxj","Finder: Senior Open Banking & CDR Gateway Engineer","Finder","Senior Open Banking & CDR Gateway Engineer","CRITICAL_JUDGMENT","Catches planted AI defects and unverified assumptions.",5,3,"","",""
"ltccnjqpo4u98xtk1rzdsztx","challenge-custom-finder-mukbmdxj","Finder: Senior Open Banking & CDR Gateway Engineer","Finder","Senior Open Banking & CDR Gateway Engineer","TRADEOFF_AWARENESS","Explains technical trade-offs and performance considerations.",4,3,"","",""
"j10xjew6t7jhvxz64flkdrom","challenge-custom-finder-mukbmdxj","Finder: Senior Open Banking & CDR Gateway Engineer","Finder","Senior Open Banking & CDR Gateway Engineer","DOMAIN_FIT","Tailors features to the actual real-world needs of the domain.",4,3,"","",""
"lo0a25sqn65hreepstm6urjl","challenge-custom-finder-mukbmdxj","Finder: Senior Open Banking & CDR Gateway Engineer","Finder","Senior Open Banking & CDR Gateway Engineer","COMMUNICATION","Directs AI assistant with clear, structured prompts and clear documentation.",3,3,"","",""
"z14m4fgc6i5mlbs8qqme1uaz","challenge-custom-propeller-23-b8o0m","Propeller: Backend Processing Pipeline Engineer","Propeller","Backend Processing Pipeline Engineer","COMMUNICATION","Directs AI assistant with clear, structured prompts and clear documentation.",3,3,"","",""
"xd7gdnpqbmlmrsrm80rezxe5","challenge-custom-xero-33-1pae1","Xero: Associate Engineer — Backend & Accounting Systems","Xero","Associate Engineer — Backend & Accounting Systems","PROBLEM_FRAMING","Clarifies scope boundaries, non-goals, and edge cases before coding.",4,3,"","",""
"nuk1v7ugmd4n40olo8wrdv7a","challenge-custom-xero-33-1pae1","Xero: Associate Engineer — Backend & Accounting Systems","Xero","Associate Engineer — Backend & Accounting Systems","TECHNICAL_APPROACH","Designs decoupled architecture and pure logic prior to UI generation.",5,3,"","",""
"nst38r1baiszu4um6ip6skyi","challenge-custom-xero-33-1pae1","Xero: Associate Engineer — Backend & Accounting Systems","Xero","Associate Engineer — Backend & Accounting Systems","CRITICAL_JUDGMENT","Catches planted AI defects and unverified assumptions.",5,3,"","",""
"zoxt8i17p35pfmtxnt663hh1","challenge-custom-xero-33-1pae1","Xero: Associate Engineer — Backend & Accounting Systems","Xero","Associate Engineer — Backend & Accounting Systems","TRADEOFF_AWARENESS","Explains technical trade-offs and performance considerations.",4,3,"","",""
"lwon0cf0knvizkekyjic5ohl","challenge-custom-xero-33-1pae1","Xero: Associate Engineer — Backend & Accounting Systems","Xero","Associate Engineer — Backend & Accounting Systems","DOMAIN_FIT","Tailors features to the actual real-world needs of the domain.",4,3,"","",""
"s86eghg1rermquh2wk5qrkjh","challenge-custom-xero-33-1pae1","Xero: Associate Engineer — Backend & Accounting Systems","Xero","Associate Engineer — Backend & Accounting Systems","COMMUNICATION","Directs AI assistant with clear, structured prompts and clear documentation.",3,3,"","",""
"s1wml5mihhjj95o9bzsf9yox","challenge-custom-myob-34-42ya5","MYOB: Senior Developer — Full-Stack (MYOB Business)","MYOB","Senior Developer — Full-Stack (MYOB Business)","PROBLEM_FRAMING","Clarifies scope boundaries, non-goals, and edge cases before coding.",4,3,"","",""
"hk51wpo1msbur3fsq4i4p3yd","challenge-custom-myob-34-42ya5","MYOB: Senior Developer — Full-Stack (MYOB Business)","MYOB","Senior Developer — Full-Stack (MYOB Business)","TECHNICAL_APPROACH","Designs decoupled architecture and pure logic prior to UI generation.",5,3,"","",""
"e76mlhgdmews63qbseifs4yu","challenge-stripe-payments","Stripe: Senior Backend Platform Engineer","Stripe","Senior Backend Platform Engineer","CRITICAL_JUDGMENT","Identifies timing attack vulnerabilities in signature verification and detects planted concurrency flaws.",5,3,"","",""
"qo762cibmtilhkvohph8ajph","challenge-stripe-payments","Stripe: Senior Backend Platform Engineer","Stripe","Senior Backend Platform Engineer","TRADEOFF_AWARENESS","Evaluates trade-offs between strong transactional consistency vs distributed eventual consistency.",4,3,"","",""
"gmpafqylt3z9bjynecrbohc7","challenge-stripe-payments","Stripe: Senior Backend Platform Engineer","Stripe","Senior Backend Platform Engineer","DOMAIN_FIT","Applies fintech-grade defensive standards: zero-loss accounting, audit logging, and payload integrity.",4,3,"","",""
"fc2z5mhhwqy1egsshj3kf8yf","challenge-stripe-payments","Stripe: Senior Backend Platform Engineer","Stripe","Senior Backend Platform Engineer","COMMUNICATION","Articulates failure recovery procedures and provides clear, unambiguous prompts for error handling.",3,3,"","",""
"cdvfyomv5hcrpvyxhho13zgd","challenge-cultureamp-applied-ai","Culture Amp: Staff Applied AI Engineer","Culture Amp","Staff Applied AI Engineer","PROBLEM_FRAMING","Interrogates group-size threshold definitions, confidentiality subtraction risks, and non-goals before coding.",4,3,"","",""
"sqh8al39jgkqvz3p55up0rgb","challenge-cultureamp-applied-ai","Culture Amp: Staff Applied AI Engineer","Culture Amp","Staff Applied AI Engineer","TECHNICAL_APPROACH","Constructs a deterministic verification pipeline comparing summary sentences against raw comment citations.",5,3,"","",""
"w1dgg5bb75tjffrp8w8k2l9r","challenge-cultureamp-applied-ai","Culture Amp: Staff Applied AI Engineer","Culture Amp","Staff Applied AI Engineer","CRITICAL_JUDGMENT","Detects planted AI hallucinations, PII leakage, and unsupported generalizations in generated reports.",5,3,"","",""
"tlgz91tgdu958y8lvpvj98lk","challenge-cultureamp-applied-ai","Culture Amp: Staff Applied AI Engineer","Culture Amp","Staff Applied AI Engineer","TRADEOFF_AWARENESS","Analyzes trade-offs between utility (rich qualitative insight) vs privacy (strict anonymization thresholds).",4,3,"","",""
"iviithja9bdv40jnds6dlrv3","challenge-cultureamp-applied-ai","Culture Amp: Staff Applied AI Engineer","Culture Amp","Staff Applied AI Engineer","DOMAIN_FIT","Reflects Culture Amp values of psychological safety, non-punitive feedback, and executive trust.",4,3,"","",""
"ddu19yncqdwph2vnt0sl52yz","challenge-cultureamp-applied-ai","Culture Amp: Staff Applied AI Engineer","Culture Amp","Staff Applied AI Engineer","COMMUNICATION","Communicates engineering invariants clearly and directs AI assistance with modular, focused prompts.",3,3,"","",""
"x2ahdu414y96j320zpx0mpks","challenge-custom-wise-mukbmdxj","Wise: Senior FX Liquidity & Cross-Border Ledger Engineer","Wise","Senior FX Liquidity & Cross-Border Ledger Engineer","PROBLEM_FRAMING","Clarifies scope boundaries, non-goals, and edge cases before coding.",4,3,"","",""
"bais2gg2p617tbsf2dr21kgs","challenge-custom-myob-34-42ya5","MYOB: Senior Developer — Full-Stack (MYOB Business)","MYOB","Senior Developer — Full-Stack (MYOB Business)","CRITICAL_JUDGMENT","Catches planted AI defects and unverified assumptions.",5,3,"","",""
"r14d2bw0rftvo0gh2osmsvcs","challenge-custom-myob-34-42ya5","MYOB: Senior Developer — Full-Stack (MYOB Business)","MYOB","Senior Developer — Full-Stack (MYOB Business)","TRADEOFF_AWARENESS","Explains technical trade-offs and performance considerations.",4,3,"","",""
"mxfzgv5tsdajii9x5ouyz147","challenge-custom-myob-34-42ya5","MYOB: Senior Developer — Full-Stack (MYOB Business)","MYOB","Senior Developer — Full-Stack (MYOB Business)","DOMAIN_FIT","Tailors features to the actual real-world needs of the domain.",4,3,"","",""
"qqnm4e7gk10f65jl1ggiolzf","challenge-custom-myob-34-42ya5","MYOB: Senior Developer — Full-Stack (MYOB Business)","MYOB","Senior Developer — Full-Stack (MYOB Business)","COMMUNICATION","Directs AI assistant with clear, structured prompts and clear documentation.",3,3,"","",""
"yq9s5nrsofxu1l266awedxm0","challenge-custom-ericssonaustralia-44-uwkjo","Ericsson Australia: Senior Cloud Infrastructure & Systems Integrator","Ericsson Australia","Senior Cloud Infrastructure & Systems Integrator","COMMUNICATION","Directs AI assistant with clear, structured prompts and clear documentation.",3,3,"","",""
"i10d09zmooj5dryhmwy16vxi","challenge-custom-datadog-45-zb7tj","Datadog: Senior Software Engineer — Cloud Networks","Datadog","Senior Software Engineer — Cloud Networks","PROBLEM_FRAMING","Clarifies scope boundaries, non-goals, and edge cases before coding.",4,3,"","",""
"j88usse10beg0y9mbsyvhg6b","challenge-custom-datadog-45-zb7tj","Datadog: Senior Software Engineer — Cloud Networks","Datadog","Senior Software Engineer — Cloud Networks","TECHNICAL_APPROACH","Designs decoupled architecture and pure logic prior to UI generation.",5,3,"","",""
"qh89qww6p7ip4vw4tr0qamxb","challenge-custom-datadog-45-zb7tj","Datadog: Senior Software Engineer — Cloud Networks","Datadog","Senior Software Engineer — Cloud Networks","CRITICAL_JUDGMENT","Catches planted AI defects and unverified assumptions.",5,3,"","",""
"e4oih1rjg7sxcedwq75slaec","challenge-custom-datadog-45-zb7tj","Datadog: Senior Software Engineer — Cloud Networks","Datadog","Senior Software Engineer — Cloud Networks","TRADEOFF_AWARENESS","Explains technical trade-offs and performance considerations.",4,3,"","",""
"ymn7gkjro82jaijuq3agmlvk","challenge-custom-datadog-45-zb7tj","Datadog: Senior Software Engineer — Cloud Networks","Datadog","Senior Software Engineer — Cloud Networks","DOMAIN_FIT","Tailors features to the actual real-world needs of the domain.",4,3,"","",""
"z71mweeej659jio7iw4684pj","challenge-custom-datadog-45-zb7tj","Datadog: Senior Software Engineer — Cloud Networks","Datadog","Senior Software Engineer — Cloud Networks","COMMUNICATION","Directs AI assistant with clear, structured prompts and clear documentation.",3,3,"","",""
"l6f3vrhs170gn7rz5v88nbj6","challenge-custom-cloudflare-46-rjlot","Cloudflare: Systems Software Engineer — Cloudflare Network Interconnect (CNI)","Cloudflare","Systems Software Engineer — Cloudflare Network Interconnect (CNI)","PROBLEM_FRAMING","Clarifies scope boundaries, non-goals, and edge cases before coding.",4,3,"","",""
"h10lqnn35qqtb6i6vaw1o0qi","challenge-custom-cloudflare-46-rjlot","Cloudflare: Systems Software Engineer — Cloudflare Network Interconnect (CNI)","Cloudflare","Systems Software Engineer — Cloudflare Network Interconnect (CNI)","TECHNICAL_APPROACH","Designs decoupled architecture and pure logic prior to UI generation.",5,3,"","",""
"kbcchbdlsw28e4kivejohj69","challenge-custom-cloudflare-46-rjlot","Cloudflare: Systems Software Engineer — Cloudflare Network Interconnect (CNI)","Cloudflare","Systems Software Engineer — Cloudflare Network Interconnect (CNI)","CRITICAL_JUDGMENT","Catches planted AI defects and unverified assumptions.",5,3,"","",""
"cchy5gx8vuurpyrhg5mu7uon","challenge-custom-cloudflare-46-rjlot","Cloudflare: Systems Software Engineer — Cloudflare Network Interconnect (CNI)","Cloudflare","Systems Software Engineer — Cloudflare Network Interconnect (CNI)","TRADEOFF_AWARENESS","Explains technical trade-offs and performance considerations.",4,3,"","",""
"k4gx9n04id6u8bcj3kljs410","challenge-custom-cloudflare-46-rjlot","Cloudflare: Systems Software Engineer — Cloudflare Network Interconnect (CNI)","Cloudflare","Systems Software Engineer — Cloudflare Network Interconnect (CNI)","DOMAIN_FIT","Tailors features to the actual real-world needs of the domain.",4,3,"","",""
"z7wtbju7xl3asgpfv9r1ukpa","challenge-custom-cloudflare-46-rjlot","Cloudflare: Systems Software Engineer — Cloudflare Network Interconnect (CNI)","Cloudflare","Systems Software Engineer — Cloudflare Network Interconnect (CNI)","COMMUNICATION","Directs AI assistant with clear, structured prompts and clear documentation.",3,3,"","",""
"jhb5dddw7m6d9tmus21yvl80","challenge-custom-fastly-47-uj6fo","Fastly: Senior Cloud & Edge Solutions Engineer","Fastly","Senior Cloud & Edge Solutions Engineer","PROBLEM_FRAMING","Clarifies scope boundaries, non-goals, and edge cases before coding.",4,3,"","",""
"k5ffy1b3f3qtjc6r2vsydjqj","challenge-custom-fastly-47-uj6fo","Fastly: Senior Cloud & Edge Solutions Engineer","Fastly","Senior Cloud & Edge Solutions Engineer","TECHNICAL_APPROACH","Designs decoupled architecture and pure logic prior to UI generation.",5,3,"","",""
"pn656hzi9601f2tt9o938ayi","challenge-custom-fastly-47-uj6fo","Fastly: Senior Cloud & Edge Solutions Engineer","Fastly","Senior Cloud & Edge Solutions Engineer","CRITICAL_JUDGMENT","Catches planted AI defects and unverified assumptions.",5,3,"","",""
"ykw35ojg58hz3qyxclx7f5kr","challenge-custom-fastly-47-uj6fo","Fastly: Senior Cloud & Edge Solutions Engineer","Fastly","Senior Cloud & Edge Solutions Engineer","TRADEOFF_AWARENESS","Explains technical trade-offs and performance considerations.",4,3,"","",""
"t11yco7uco13deaod1ta4d49","challenge-custom-fastly-47-uj6fo","Fastly: Senior Cloud & Edge Solutions Engineer","Fastly","Senior Cloud & Edge Solutions Engineer","DOMAIN_FIT","Tailors features to the actual real-world needs of the domain.",4,3,"","",""
"l7r9bot3qb6yvzvh18l7d2bk","challenge-custom-fastly-47-uj6fo","Fastly: Senior Cloud & Edge Solutions Engineer","Fastly","Senior Cloud & Edge Solutions Engineer","COMMUNICATION","Directs AI assistant with clear, structured prompts and clear documentation.",3,3,"","",""
"l14ew1b8kgv7y00hl78ly756","challenge-custom-amazonwebservicesaws-48-mvhau","Amazon Web Services (AWS): Dedicated Cloud Engineer — Region Reliability Engineering (RRE)","Amazon Web Services (AWS)","Dedicated Cloud Engineer — Region Reliability Engineering (RRE)","PROBLEM_FRAMING","Clarifies scope boundaries, non-goals, and edge cases before coding.",4,3,"","",""
"tmxwx4yd26b8w16hanu80d1w","challenge-custom-amazonwebservicesaws-48-mvhau","Amazon Web Services (AWS): Dedicated Cloud Engineer — Region Reliability Engineering (RRE)","Amazon Web Services (AWS)","Dedicated Cloud Engineer — Region Reliability Engineering (RRE)","TECHNICAL_APPROACH","Designs decoupled architecture and pure logic prior to UI generation.",5,3,"","",""
"j370nj4sxtx5f2tweeisdvon","challenge-custom-myob-35-c9jlh","MYOB: Machine Learning Engineer — Financial Forecasting & AI Accounting","MYOB","Machine Learning Engineer — Financial Forecasting & AI Accounting","PROBLEM_FRAMING","Clarifies scope boundaries, non-goals, and edge cases before coding.",4,3,"","",""
"c75m3wwau6kssvs5bpd7b5hs","challenge-custom-myob-35-c9jlh","MYOB: Machine Learning Engineer — Financial Forecasting & AI Accounting","MYOB","Machine Learning Engineer — Financial Forecasting & AI Accounting","TECHNICAL_APPROACH","Designs decoupled architecture and pure logic prior to UI generation.",5,3,"","",""
"ho2qvmf540jfd61tw4yjrzek","challenge-custom-myob-35-c9jlh","MYOB: Machine Learning Engineer — Financial Forecasting & AI Accounting","MYOB","Machine Learning Engineer — Financial Forecasting & AI Accounting","CRITICAL_JUDGMENT","Catches planted AI defects and unverified assumptions.",5,3,"","",""
"t143qnmy4qdvv9s9t5md1sej","challenge-custom-myob-35-c9jlh","MYOB: Machine Learning Engineer — Financial Forecasting & AI Accounting","MYOB","Machine Learning Engineer — Financial Forecasting & AI Accounting","TRADEOFF_AWARENESS","Explains technical trade-offs and performance considerations.",4,3,"","",""
"uzrwpzi4pby3bcsbcr5bikns","challenge-custom-wise-mukbmdxj","Wise: Senior FX Liquidity & Cross-Border Ledger Engineer","Wise","Senior FX Liquidity & Cross-Border Ledger Engineer","TECHNICAL_APPROACH","Designs decoupled architecture and pure logic prior to UI generation.",5,3,"","",""
"yhgmu647z454miljp9cav37k","challenge-custom-wise-mukbmdxj","Wise: Senior FX Liquidity & Cross-Border Ledger Engineer","Wise","Senior FX Liquidity & Cross-Border Ledger Engineer","CRITICAL_JUDGMENT","Catches planted AI defects and unverified assumptions.",5,3,"","",""
"pfrid44u2zq4r33i6bzjejpu","challenge-custom-wise-mukbmdxj","Wise: Senior FX Liquidity & Cross-Border Ledger Engineer","Wise","Senior FX Liquidity & Cross-Border Ledger Engineer","TRADEOFF_AWARENESS","Explains technical trade-offs and performance considerations.",4,3,"","",""
"o7um95uix5ounxw8ayucz9xm","challenge-custom-wise-mukbmdxj","Wise: Senior FX Liquidity & Cross-Border Ledger Engineer","Wise","Senior FX Liquidity & Cross-Border Ledger Engineer","DOMAIN_FIT","Tailors features to the actual real-world needs of the domain.",4,3,"","",""
"kk7v0mkg3npwd7yu2j43zbuc","challenge-custom-wise-mukbmdxj","Wise: Senior FX Liquidity & Cross-Border Ledger Engineer","Wise","Senior FX Liquidity & Cross-Border Ledger Engineer","COMMUNICATION","Directs AI assistant with clear, structured prompts and clear documentation.",3,3,"","",""
"ca0vg1kxnzo2o930h9z4js0p","challenge-custom-stake-mukbmdxj","Stake: Front End Engineer","Stake","Front End Engineer","PROBLEM_FRAMING","Clarifies scope boundaries, non-goals, and edge cases before coding.",4,3,"","",""
"n8s0sq8b9ipti7fsxdxb0de3","lz0omjtpu2dlnipdd1m2fl4y","BlueScope — Resilient API Gateway with Australian Privacy Masking","BlueScope","AI Engineer","PROBLEM_FRAMING","Interrogates domain invariants and schema constraints before invoking code generation.",15,3,"","",""
"zrncl1un2b9gedlw53o5xu9a","lz0omjtpu2dlnipdd1m2fl4y","BlueScope — Resilient API Gateway with Australian Privacy Masking","BlueScope","AI Engineer","TECHNICAL_APPROACH","Designs modular architecture with clear separation of business logic from I/O.",15,3,"","",""
"qetxxbfn5kgn7m91yh0k89nb","lz0omjtpu2dlnipdd1m2fl4y","BlueScope — Resilient API Gateway with Australian Privacy Masking","BlueScope","AI Engineer","AI_DIRECTION","Directs the AI assistant through structured, phased prompts rather than destructive one-shot generation.",15,3,"","",""
"snj1n8kp8vwdupzpjo2q9mpj","lz0omjtpu2dlnipdd1m2fl4y","BlueScope — Resilient API Gateway with Australian Privacy Masking","BlueScope","AI Engineer","CRITICAL_JUDGMENT","Identifies and refactors injected AI traps, hallucinations, and security flaws.",20,3,"","",""
"y8pmypbhe1sb2e5iw8uie0i2","lz0omjtpu2dlnipdd1m2fl4y","BlueScope — Resilient API Gateway with Australian Privacy Masking","BlueScope","AI Engineer","TRADEOFF_AWARENESS","Documents and defends performance, simplicity, and architectural trade-offs.",10,3,"","",""
"i8wjb85lni8msydzaykip9qe","lz0omjtpu2dlnipdd1m2fl4y","BlueScope — Resilient API Gateway with Australian Privacy Masking","BlueScope","AI Engineer","DOMAIN_FIT","Adheres strictly to target company context and Australian compliance regulations.",15,3,"","",""
"nezq7k8qi5e7kxzrgdevxhrn","lz0omjtpu2dlnipdd1m2fl4y","BlueScope — Resilient API Gateway with Australian Privacy Masking","BlueScope","AI Engineer","COMMUNICATION","Maintains professional git commit history and removes placeholder AI comments.",10,3,"","",""
"k13owttpfjl7vabr6mp89nl0","uvceib2n2hq4brza3qkzqg0j","Westpac — Resilient API Gateway with Australian Privacy Masking","Westpac","AI Engineer","PROBLEM_FRAMING","Interrogates domain invariants and schema constraints before invoking code generation.",15,3,"","",""
"qex6tne3k7drljxpmlzm4r0v","uvceib2n2hq4brza3qkzqg0j","Westpac — Resilient API Gateway with Australian Privacy Masking","Westpac","AI Engineer","TECHNICAL_APPROACH","Designs modular architecture with clear separation of business logic from I/O.",15,3,"","",""
"k4xpc3w3p7rfmv8uvverqzxi","uvceib2n2hq4brza3qkzqg0j","Westpac — Resilient API Gateway with Australian Privacy Masking","Westpac","AI Engineer","AI_DIRECTION","Directs the AI assistant through structured, phased prompts rather than destructive one-shot generation.",15,3,"","",""
"j137uxa6h7nc3yqm413j0z43","uvceib2n2hq4brza3qkzqg0j","Westpac — Resilient API Gateway with Australian Privacy Masking","Westpac","AI Engineer","CRITICAL_JUDGMENT","Identifies and refactors injected AI traps, hallucinations, and security flaws.",20,3,"","",""
"l11raldvijt8gwix6gi8kocy","uvceib2n2hq4brza3qkzqg0j","Westpac — Resilient API Gateway with Australian Privacy Masking","Westpac","AI Engineer","TRADEOFF_AWARENESS","Documents and defends performance, simplicity, and architectural trade-offs.",10,3,"","",""
"uocl0xfvorsnoi0lzm18w82h","uvceib2n2hq4brza3qkzqg0j","Westpac — Resilient API Gateway with Australian Privacy Masking","Westpac","AI Engineer","DOMAIN_FIT","Adheres strictly to target company context and Australian compliance regulations.",15,3,"","",""
"d2najlufmokhrq8onshxmrbt","uvceib2n2hq4brza3qkzqg0j","Westpac — Resilient API Gateway with Australian Privacy Masking","Westpac","AI Engineer","COMMUNICATION","Maintains professional git commit history and removes placeholder AI comments.",10,3,"","",""
"v3wr4u3u4tvzvguc7xwri5is","fp8skeb5h2f7chwltv0fz5lw","Unknown — Resilient API Gateway with Australian Privacy Masking","Unknown","Senior AI Engineer","PROBLEM_FRAMING","Interrogates domain invariants and schema constraints before invoking code generation.",15,3,"","",""
"f1614914n0nf0miov8jglgd5","fp8skeb5h2f7chwltv0fz5lw","Unknown — Resilient API Gateway with Australian Privacy Masking","Unknown","Senior AI Engineer","TECHNICAL_APPROACH","Designs modular architecture with clear separation of business logic from I/O.",15,3,"","",""
"cam1evt51ekwdbkmp05euq31","fp8skeb5h2f7chwltv0fz5lw","Unknown — Resilient API Gateway with Australian Privacy Masking","Unknown","Senior AI Engineer","AI_DIRECTION","Directs the AI assistant through structured, phased prompts rather than destructive one-shot generation.",15,3,"","",""
"kh4wmgv9rctnrrh0s6dvov7t","fp8skeb5h2f7chwltv0fz5lw","Unknown — Resilient API Gateway with Australian Privacy Masking","Unknown","Senior AI Engineer","CRITICAL_JUDGMENT","Identifies and refactors injected AI traps, hallucinations, and security flaws.",20,3,"","",""
"nap64907max99ot7sonmej6d","fp8skeb5h2f7chwltv0fz5lw","Unknown — Resilient API Gateway with Australian Privacy Masking","Unknown","Senior AI Engineer","TRADEOFF_AWARENESS","Documents and defends performance, simplicity, and architectural trade-offs.",10,3,"","",""
"kb6dwfczpes98gfy9h2gp47m","fp8skeb5h2f7chwltv0fz5lw","Unknown — Resilient API Gateway with Australian Privacy Masking","Unknown","Senior AI Engineer","DOMAIN_FIT","Adheres strictly to target company context and Australian compliance regulations.",15,3,"","",""
"za0jxf6g8fsd4yub6fh35qih","fp8skeb5h2f7chwltv0fz5lw","Unknown — Resilient API Gateway with Australian Privacy Masking","Unknown","Senior AI Engineer","COMMUNICATION","Maintains professional git commit history and removes placeholder AI comments.",10,3,"","",""
"k11h3pzw5k7yptqebuy2l6t6","challenge-custom-stake-mukbmdxj","Stake: Front End Engineer","Stake","Front End Engineer","TECHNICAL_APPROACH","Designs decoupled architecture and pure logic prior to UI generation.",5,3,"","",""
"u13bmljuba2i1vmryen70gdj","challenge-custom-stake-mukbmdxj","Stake: Front End Engineer","Stake","Front End Engineer","CRITICAL_JUDGMENT","Catches planted AI defects and unverified assumptions.",5,3,"","",""
"intqkpulnvosnk7lub0pqpee","challenge-custom-stake-mukbmdxj","Stake: Front End Engineer","Stake","Front End Engineer","TRADEOFF_AWARENESS","Explains technical trade-offs and performance considerations.",4,3,"","",""
"rstycojpdaw2l70jw57z51gc","challenge-custom-stake-mukbmdxj","Stake: Front End Engineer","Stake","Front End Engineer","DOMAIN_FIT","Tailors features to the actual real-world needs of the domain.",4,3,"","",""
"qhz8dp4k7fpg3v8i3rm7ent2","challenge-custom-stake-mukbmdxj","Stake: Front End Engineer","Stake","Front End Engineer","COMMUNICATION","Directs AI assistant with clear, structured prompts and clear documentation.",3,3,"","",""
"lhjzmey4t752dzi0tuj7zkcm","challenge-custom-qantas-mukbmdxj","Qantas: Front-End Developer — Product Innovation Centre","Qantas","Front-End Developer — Product Innovation Centre","PROBLEM_FRAMING","Clarifies scope boundaries, non-goals, and edge cases before coding.",4,3,"","",""
"g10jgbizvypn98yn748edwbm","challenge-custom-qantas-mukbmdxj","Qantas: Front-End Developer — Product Innovation Centre","Qantas","Front-End Developer — Product Innovation Centre","TECHNICAL_APPROACH","Designs decoupled architecture and pure logic prior to UI generation.",5,3,"","",""
"c130gzu4o6pc2zxevfk0jlcw","challenge-custom-qantas-mukbmdxj","Qantas: Front-End Developer — Product Innovation Centre","Qantas","Front-End Developer — Product Innovation Centre","CRITICAL_JUDGMENT","Catches planted AI defects and unverified assumptions.",5,3,"","",""
"oy1cka8i87r4yytlubax9k66","challenge-custom-qantas-mukbmdxj","Qantas: Front-End Developer — Product Innovation Centre","Qantas","Front-End Developer — Product Innovation Centre","TRADEOFF_AWARENESS","Explains technical trade-offs and performance considerations.",4,3,"","",""
"i11jhix5xe1fcfj05034to0z","challenge-custom-qantas-mukbmdxj","Qantas: Front-End Developer — Product Innovation Centre","Qantas","Front-End Developer — Product Innovation Centre","DOMAIN_FIT","Tailors features to the actual real-world needs of the domain.",4,3,"","",""
"bfyv56553i4p0vew5s6pwm2w","challenge-custom-qantas-mukbmdxj","Qantas: Front-End Developer — Product Innovation Centre","Qantas","Front-End Developer — Product Innovation Centre","COMMUNICATION","Directs AI assistant with clear, structured prompts and clear documentation.",3,3,"","",""
"k11km7gyulb6gzdlz06dttqj","challenge-custom-fetch-mumucnbx","Fetch: Front-end Engineer (Craft & UI)","Fetch","Front-end Engineer (Craft & UI)","PROBLEM_FRAMING","Clarifies scope boundaries, non-goals, and edge cases before coding.",4,3,"","",""
"k6mu26d6l852xwqwkooi5jj0","challenge-custom-fetch-mumucnbx","Fetch: Front-end Engineer (Craft & UI)","Fetch","Front-end Engineer (Craft & UI)","TECHNICAL_APPROACH","Designs decoupled architecture and pure logic prior to UI generation.",5,3,"","",""
"f4ubugvnw73sl93fvkkqr2vy","challenge-custom-fetch-mumucnbx","Fetch: Front-end Engineer (Craft & UI)","Fetch","Front-end Engineer (Craft & UI)","CRITICAL_JUDGMENT","Catches planted AI defects and unverified assumptions.",5,3,"","",""
"b2chwirmuo3o4vlnjh3vcdn7","challenge-custom-fetch-mumucnbx","Fetch: Front-end Engineer (Craft & UI)","Fetch","Front-end Engineer (Craft & UI)","TRADEOFF_AWARENESS","Explains technical trade-offs and performance considerations.",4,3,"","",""
"hqywt0wwucj2523qk1n8opsi","challenge-custom-fetch-mumucnbx","Fetch: Front-end Engineer (Craft & UI)","Fetch","Front-end Engineer (Craft & UI)","DOMAIN_FIT","Tailors features to the actual real-world needs of the domain.",4,3,"","",""
"llw2o05bisjm87giutmsxga4","challenge-custom-fetch-mumucnbx","Fetch: Front-end Engineer (Craft & UI)","Fetch","Front-end Engineer (Craft & UI)","COMMUNICATION","Directs AI assistant with clear, structured prompts and clear documentation.",3,3,"","",""
"bnh9d145qxfiosn66oml95j2","challenge-custom-globalfintechsydney-24-0gt8e","Global FinTech (Sydney): Senior Software Engineer — Backend FinTech","Global FinTech (Sydney)","Senior Software Engineer — Backend FinTech","PROBLEM_FRAMING","Clarifies scope boundaries, non-goals, and edge cases before coding.",4,3,"","",""
"irbf1ltdpcamo0imx7gce9wp","challenge-custom-globalfintechsydney-24-0gt8e","Global FinTech (Sydney): Senior Software Engineer — Backend FinTech","Global FinTech (Sydney)","Senior Software Engineer — Backend FinTech","TECHNICAL_APPROACH","Designs decoupled architecture and pure logic prior to UI generation.",5,3,"","",""
"o14ln2cnl8d8nnb5zj8oyjtf","challenge-custom-globalfintechsydney-24-0gt8e","Global FinTech (Sydney): Senior Software Engineer — Backend FinTech","Global FinTech (Sydney)","Senior Software Engineer — Backend FinTech","CRITICAL_JUDGMENT","Catches planted AI defects and unverified assumptions.",5,3,"","",""
"m10z8ln08e1hdk2k2vtp9976","challenge-custom-globalfintechsydney-24-0gt8e","Global FinTech (Sydney): Senior Software Engineer — Backend FinTech","Global FinTech (Sydney)","Senior Software Engineer — Backend FinTech","TRADEOFF_AWARENESS","Explains technical trade-offs and performance considerations.",4,3,"","",""
"tm1w8m7ooapd9tfy27xtpn34","challenge-custom-globalfintechsydney-24-0gt8e","Global FinTech (Sydney): Senior Software Engineer — Backend FinTech","Global FinTech (Sydney)","Senior Software Engineer — Backend FinTech","DOMAIN_FIT","Tailors features to the actual real-world needs of the domain.",4,3,"","",""
"ocs41c6a3w8atnpmtn80mskb","challenge-custom-globalfintechsydney-24-0gt8e","Global FinTech (Sydney): Senior Software Engineer — Backend FinTech","Global FinTech (Sydney)","Senior Software Engineer — Backend FinTech","COMMUNICATION","Directs AI assistant with clear, structured prompts and clear documentation.",3,3,"","",""
"hd5b3jtmjuidiu7k8nd6om52","challenge-custom-stripe-25-18u6s","Stripe: Senior Software Engineer — Financial Data Platform","Stripe","Senior Software Engineer — Financial Data Platform","PROBLEM_FRAMING","Clarifies scope boundaries, non-goals, and edge cases before coding.",4,3,"","",""
"p13ty03upzzxgun6cxy1m65k","challenge-custom-stripe-25-18u6s","Stripe: Senior Software Engineer — Financial Data Platform","Stripe","Senior Software Engineer — Financial Data Platform","TECHNICAL_APPROACH","Designs decoupled architecture and pure logic prior to UI generation.",5,3,"","",""
"ehu4kdxs628xohtarnv9j505","challenge-custom-stripe-25-18u6s","Stripe: Senior Software Engineer — Financial Data Platform","Stripe","Senior Software Engineer — Financial Data Platform","CRITICAL_JUDGMENT","Catches planted AI defects and unverified assumptions.",5,3,"","",""
"u12u9kbi6kd7n2bwbbywsy3c","challenge-custom-stripe-25-18u6s","Stripe: Senior Software Engineer — Financial Data Platform","Stripe","Senior Software Engineer — Financial Data Platform","TRADEOFF_AWARENESS","Explains technical trade-offs and performance considerations.",4,3,"","",""
"t3ce26kygcufkq09a4ck19iv","challenge-custom-stripe-25-18u6s","Stripe: Senior Software Engineer — Financial Data Platform","Stripe","Senior Software Engineer — Financial Data Platform","DOMAIN_FIT","Tailors features to the actual real-world needs of the domain.",4,3,"","",""
"rbvr6cd62wmnbwztwvhl38kh","challenge-custom-stripe-25-18u6s","Stripe: Senior Software Engineer — Financial Data Platform","Stripe","Senior Software Engineer — Financial Data Platform","COMMUNICATION","Directs AI assistant with clear, structured prompts and clear documentation.",3,3,"","",""
"kkkfns9g8okolyvntrmsitac","challenge-custom-wise-26-a3xem","Wise: Senior Software Engineer — Business Onboarding & Verification","Wise","Senior Software Engineer — Business Onboarding & Verification","PROBLEM_FRAMING","Clarifies scope boundaries, non-goals, and edge cases before coding.",4,3,"","",""
"hpbcnss29pi6a3pgwgena6hv","challenge-custom-wise-26-a3xem","Wise: Senior Software Engineer — Business Onboarding & Verification","Wise","Senior Software Engineer — Business Onboarding & Verification","TECHNICAL_APPROACH","Designs decoupled architecture and pure logic prior to UI generation.",5,3,"","",""
"hmeugl393ggzfsi7vj9t5xwe","challenge-custom-wise-26-a3xem","Wise: Senior Software Engineer — Business Onboarding & Verification","Wise","Senior Software Engineer — Business Onboarding & Verification","CRITICAL_JUDGMENT","Catches planted AI defects and unverified assumptions.",5,3,"","",""
"mqn94svf6hle0jbehgffgiah","challenge-custom-wise-26-a3xem","Wise: Senior Software Engineer — Business Onboarding & Verification","Wise","Senior Software Engineer — Business Onboarding & Verification","TRADEOFF_AWARENESS","Explains technical trade-offs and performance considerations.",4,3,"","",""
"s1umj4io26vznqxme0act8zk","challenge-custom-wise-26-a3xem","Wise: Senior Software Engineer — Business Onboarding & Verification","Wise","Senior Software Engineer — Business Onboarding & Verification","DOMAIN_FIT","Tailors features to the actual real-world needs of the domain.",4,3,"","",""
"ljd7jmtnpokd79kpowki94yj","challenge-custom-wise-26-a3xem","Wise: Senior Software Engineer — Business Onboarding & Verification","Wise","Senior Software Engineer — Business Onboarding & Verification","COMMUNICATION","Directs AI assistant with clear, structured prompts and clear documentation.",3,3,"","",""
"zcuic7vlysgw4w78gfmcn5da","challenge-custom-luxuryescapes-mumucnby","Luxury Escapes: Frontend Engineer — Booking Platform","Luxury Escapes","Frontend Engineer — Booking Platform","PROBLEM_FRAMING","Clarifies scope boundaries, non-goals, and edge cases before coding.",4,3,"","",""
"gs42skemxyuvbyqg89exb4g4","challenge-custom-luxuryescapes-mumucnby","Luxury Escapes: Frontend Engineer — Booking Platform","Luxury Escapes","Frontend Engineer — Booking Platform","TECHNICAL_APPROACH","Designs decoupled architecture and pure logic prior to UI generation.",5,3,"","",""
"l6gxrpspor1zdtpujo1sgegy","challenge-custom-luxuryescapes-mumucnby","Luxury Escapes: Frontend Engineer — Booking Platform","Luxury Escapes","Frontend Engineer — Booking Platform","CRITICAL_JUDGMENT","Catches planted AI defects and unverified assumptions.",5,3,"","",""
"eri8f6styjqi4fvw4rryaivf","challenge-custom-luxuryescapes-mumucnby","Luxury Escapes: Frontend Engineer — Booking Platform","Luxury Escapes","Frontend Engineer — Booking Platform","TRADEOFF_AWARENESS","Explains technical trade-offs and performance considerations.",4,3,"","",""
"fy1qq88y6ro0kcvnqqdh9fcj","challenge-custom-luxuryescapes-mumucnby","Luxury Escapes: Frontend Engineer — Booking Platform","Luxury Escapes","Frontend Engineer — Booking Platform","DOMAIN_FIT","Tailors features to the actual real-world needs of the domain.",4,3,"","",""
"dsvhnt5j2d9dnpiuo394g5or","challenge-custom-luxuryescapes-mumucnby","Luxury Escapes: Frontend Engineer — Booking Platform","Luxury Escapes","Frontend Engineer — Booking Platform","COMMUNICATION","Directs AI assistant with clear, structured prompts and clear documentation.",3,3,"","",""
"r2uwyobg3d7kouw1roxk6wzb","challenge-custom-fetch-mumucnby","Fetch: Senior Front-end Engineer (React)","Fetch","Senior Front-end Engineer (React)","PROBLEM_FRAMING","Clarifies scope boundaries, non-goals, and edge cases before coding.",4,3,"","",""
"b3sgdah8tzeuwp9toe1fqtya","challenge-custom-fetch-mumucnby","Fetch: Senior Front-end Engineer (React)","Fetch","Senior Front-end Engineer (React)","TECHNICAL_APPROACH","Designs decoupled architecture and pure logic prior to UI generation.",5,3,"","",""
"lekwnz3a64za8avi7yvaiwac","challenge-custom-fetch-mumucnby","Fetch: Senior Front-end Engineer (React)","Fetch","Senior Front-end Engineer (React)","CRITICAL_JUDGMENT","Catches planted AI defects and unverified assumptions.",5,3,"","",""
"x3hlu0660ii5ntfml1640m80","challenge-custom-fetch-mumucnby","Fetch: Senior Front-end Engineer (React)","Fetch","Senior Front-end Engineer (React)","TRADEOFF_AWARENESS","Explains technical trade-offs and performance considerations.",4,3,"","",""
"zifkqtynvxh6ztw551v2xwnh","challenge-custom-fetch-mumucnby","Fetch: Senior Front-end Engineer (React)","Fetch","Senior Front-end Engineer (React)","DOMAIN_FIT","Tailors features to the actual real-world needs of the domain.",4,3,"","",""
"kweu9e23sxxy8sdr3jdiahzh","challenge-custom-fetch-mumucnby","Fetch: Senior Front-end Engineer (React)","Fetch","Senior Front-end Engineer (React)","COMMUNICATION","Directs AI assistant with clear, structured prompts and clear documentation.",3,3,"","",""
"dxo7ctpnbmdmbdfpo8x7577y","challenge-custom-canva-mumucnby","Canva: Senior Frontend Software Engineer — CMS Team","Canva","Senior Frontend Software Engineer — CMS Team","PROBLEM_FRAMING","Clarifies scope boundaries, non-goals, and edge cases before coding.",4,3,"","",""
"vnnaa7fr7fopvju3vzyd5d35","challenge-custom-canva-mumucnby","Canva: Senior Frontend Software Engineer — CMS Team","Canva","Senior Frontend Software Engineer — CMS Team","TECHNICAL_APPROACH","Designs decoupled architecture and pure logic prior to UI generation.",5,3,"","",""
"c9qkltsmc2k4r7r2htf4u474","challenge-custom-canva-mumucnby","Canva: Senior Frontend Software Engineer — CMS Team","Canva","Senior Frontend Software Engineer — CMS Team","CRITICAL_JUDGMENT","Catches planted AI defects and unverified assumptions.",5,3,"","",""
"rar7z7njd2rv2565ry4n75wi","challenge-custom-canva-mumucnby","Canva: Senior Frontend Software Engineer — CMS Team","Canva","Senior Frontend Software Engineer — CMS Team","TRADEOFF_AWARENESS","Explains technical trade-offs and performance considerations.",4,3,"","",""
"i1r9y6yfvwmztnpzk8oyh26y","challenge-custom-canva-mumucnby","Canva: Senior Frontend Software Engineer — CMS Team","Canva","Senior Frontend Software Engineer — CMS Team","DOMAIN_FIT","Tailors features to the actual real-world needs of the domain.",4,3,"","",""
"vx3e9chg1e3zpxl0687mlro0","challenge-custom-canva-mumucnby","Canva: Senior Frontend Software Engineer — CMS Team","Canva","Senior Frontend Software Engineer — CMS Team","COMMUNICATION","Directs AI assistant with clear, structured prompts and clear documentation.",3,3,"","",""
"mwldhjnr1q0pvhroojercpfl","challenge-custom-atlassian-mumucnby","Atlassian: Senior Frontend Software Engineer — Cloud R&D","Atlassian","Senior Frontend Software Engineer — Cloud R&D","PROBLEM_FRAMING","Clarifies scope boundaries, non-goals, and edge cases before coding.",4,3,"","",""
"plcun5ipd3glaa6txe4sz7ep","challenge-custom-atlassian-mumucnby","Atlassian: Senior Frontend Software Engineer — Cloud R&D","Atlassian","Senior Frontend Software Engineer — Cloud R&D","TECHNICAL_APPROACH","Designs decoupled architecture and pure logic prior to UI generation.",5,3,"","",""
"r14lsm8w7kjyjuxkp4400e9a","challenge-custom-atlassian-mumucnby","Atlassian: Senior Frontend Software Engineer — Cloud R&D","Atlassian","Senior Frontend Software Engineer — Cloud R&D","CRITICAL_JUDGMENT","Catches planted AI defects and unverified assumptions.",5,3,"","",""
"guuthdajnmvwv9su9ok71iu7","challenge-custom-atlassian-mumucnby","Atlassian: Senior Frontend Software Engineer — Cloud R&D","Atlassian","Senior Frontend Software Engineer — Cloud R&D","TRADEOFF_AWARENESS","Explains technical trade-offs and performance considerations.",4,3,"","",""
"mdapy63up0thm6kjz4wptp8w","challenge-custom-atlassian-mumucnby","Atlassian: Senior Frontend Software Engineer — Cloud R&D","Atlassian","Senior Frontend Software Engineer — Cloud R&D","DOMAIN_FIT","Tailors features to the actual real-world needs of the domain.",4,3,"","",""
"o9irzdwbqxz18rdm2t5qlaks","challenge-custom-atlassian-mumucnby","Atlassian: Senior Frontend Software Engineer — Cloud R&D","Atlassian","Senior Frontend Software Engineer — Cloud R&D","COMMUNICATION","Directs AI assistant with clear, structured prompts and clear documentation.",3,3,"","",""
"s10kbrtwt6a4frqwug3ahzho","challenge-custom-linear-mumucnby","Linear: Design Engineer — Magic Team (Web & Brand)","Linear","Design Engineer — Magic Team (Web & Brand)","PROBLEM_FRAMING","Clarifies scope boundaries, non-goals, and edge cases before coding.",4,3,"","",""
"wib71ppqqndzdsjpnvpto1ob","challenge-custom-linear-mumucnby","Linear: Design Engineer — Magic Team (Web & Brand)","Linear","Design Engineer — Magic Team (Web & Brand)","TECHNICAL_APPROACH","Designs decoupled architecture and pure logic prior to UI generation.",5,3,"","",""
"wlqkbme7e77x15nrlcw89grs","challenge-custom-linear-mumucnby","Linear: Design Engineer — Magic Team (Web & Brand)","Linear","Design Engineer — Magic Team (Web & Brand)","CRITICAL_JUDGMENT","Catches planted AI defects and unverified assumptions.",5,3,"","",""
"i8nuop4lzi12swyjg33sc1m3","challenge-custom-linear-mumucnby","Linear: Design Engineer — Magic Team (Web & Brand)","Linear","Design Engineer — Magic Team (Web & Brand)","TRADEOFF_AWARENESS","Explains technical trade-offs and performance considerations.",4,3,"","",""
"o4cx0tfsqq0g1epuhgcl6hmn","challenge-custom-linear-mumucnby","Linear: Design Engineer — Magic Team (Web & Brand)","Linear","Design Engineer — Magic Team (Web & Brand)","DOMAIN_FIT","Tailors features to the actual real-world needs of the domain.",4,3,"","",""
"upwaubkz8na27pmib34vej37","challenge-custom-linear-mumucnby","Linear: Design Engineer — Magic Team (Web & Brand)","Linear","Design Engineer — Magic Team (Web & Brand)","COMMUNICATION","Directs AI assistant with clear, structured prompts and clear documentation.",3,3,"","",""
"jfokfiavgagetnbzfy7sc04z","challenge-custom-myob-35-c9jlh","MYOB: Machine Learning Engineer — Financial Forecasting & AI Accounting","MYOB","Machine Learning Engineer — Financial Forecasting & AI Accounting","DOMAIN_FIT","Tailors features to the actual real-world needs of the domain.",4,3,"","",""
"jghfr8efk1rd9zjabcwf32so","challenge-custom-myob-35-c9jlh","MYOB: Machine Learning Engineer — Financial Forecasting & AI Accounting","MYOB","Machine Learning Engineer — Financial Forecasting & AI Accounting","COMMUNICATION","Directs AI assistant with clear, structured prompts and clear documentation.",3,3,"","",""
"d11o4jvtzbw8enlv4vxdzrqx","challenge-custom-zipco-36-usnpv","Zip Co: Director, Engineering — Merchant & Payments","Zip Co","Director, Engineering — Merchant & Payments","PROBLEM_FRAMING","Clarifies scope boundaries, non-goals, and edge cases before coding.",4,3,"","",""
"t7j23oai42gyfnvle4uvwbfv","challenge-custom-zipco-36-usnpv","Zip Co: Director, Engineering — Merchant & Payments","Zip Co","Director, Engineering — Merchant & Payments","TECHNICAL_APPROACH","Designs decoupled architecture and pure logic prior to UI generation.",5,3,"","",""
"e6qjuqt0rkujbiylhqs63en4","challenge-custom-zipco-36-usnpv","Zip Co: Director, Engineering — Merchant & Payments","Zip Co","Director, Engineering — Merchant & Payments","CRITICAL_JUDGMENT","Catches planted AI defects and unverified assumptions.",5,3,"","",""
"axzlraajdcnpgqh092aj67od","challenge-custom-zipco-36-usnpv","Zip Co: Director, Engineering — Merchant & Payments","Zip Co","Director, Engineering — Merchant & Payments","TRADEOFF_AWARENESS","Explains technical trade-offs and performance considerations.",4,3,"","",""
"nzcp59r7rqi6551trk0xpz7i","challenge-custom-zipco-36-usnpv","Zip Co: Director, Engineering — Merchant & Payments","Zip Co","Director, Engineering — Merchant & Payments","DOMAIN_FIT","Tailors features to the actual real-world needs of the domain.",4,3,"","",""
"h145krq35h48w2vyhpfpxyoo","challenge-custom-zipco-36-usnpv","Zip Co: Director, Engineering — Merchant & Payments","Zip Co","Director, Engineering — Merchant & Payments","COMMUNICATION","Directs AI assistant with clear, structured prompts and clear documentation.",3,3,"","",""
"zpu33b97p1fz9htlnllqzclm","challenge-custom-amazonwebservicesaws-48-mvhau","Amazon Web Services (AWS): Dedicated Cloud Engineer — Region Reliability Engineering (RRE)","Amazon Web Services (AWS)","Dedicated Cloud Engineer — Region Reliability Engineering (RRE)","CRITICAL_JUDGMENT","Catches planted AI defects and unverified assumptions.",5,3,"","",""
"dn9l3463hp7iw591hoo8z4vl","challenge-custom-amazonwebservicesaws-48-mvhau","Amazon Web Services (AWS): Dedicated Cloud Engineer — Region Reliability Engineering (RRE)","Amazon Web Services (AWS)","Dedicated Cloud Engineer — Region Reliability Engineering (RRE)","TRADEOFF_AWARENESS","Explains technical trade-offs and performance considerations.",4,3,"","",""
"kxi2rde9bazhn1smhyfdp5nc","challenge-custom-amazonwebservicesaws-48-mvhau","Amazon Web Services (AWS): Dedicated Cloud Engineer — Region Reliability Engineering (RRE)","Amazon Web Services (AWS)","Dedicated Cloud Engineer — Region Reliability Engineering (RRE)","DOMAIN_FIT","Tailors features to the actual real-world needs of the domain.",4,3,"","",""
"tlhotxaa0zmyvqt4wtuicfwz","challenge-custom-amazonwebservicesaws-48-mvhau","Amazon Web Services (AWS): Dedicated Cloud Engineer — Region Reliability Engineering (RRE)","Amazon Web Services (AWS)","Dedicated Cloud Engineer — Region Reliability Engineering (RRE)","COMMUNICATION","Directs AI assistant with clear, structured prompts and clear documentation.",3,3,"","",""
"xlbez1xrtb332i635bb0iq98","challenge-custom-nineentertainmenttechnology-49-sn9pz","Nine Entertainment Technology: Senior Platform Engineer — Cloud Operations & Multi-Cloud Governance","Nine Entertainment Technology","Senior Platform Engineer — Cloud Operations & Multi-Cloud Governance","PROBLEM_FRAMING","Clarifies scope boundaries, non-goals, and edge cases before coding.",4,3,"","",""
"c7pnc28sqbzu3twqe0uzz98s","challenge-custom-nineentertainmenttechnology-49-sn9pz","Nine Entertainment Technology: Senior Platform Engineer — Cloud Operations & Multi-Cloud Governance","Nine Entertainment Technology","Senior Platform Engineer — Cloud Operations & Multi-Cloud Governance","TECHNICAL_APPROACH","Designs decoupled architecture and pure logic prior to UI generation.",5,3,"","",""
"qdic1tkyk9s3hs0mt8n1e5x5","challenge-custom-nineentertainmenttechnology-49-sn9pz","Nine Entertainment Technology: Senior Platform Engineer — Cloud Operations & Multi-Cloud Governance","Nine Entertainment Technology","Senior Platform Engineer — Cloud Operations & Multi-Cloud Governance","CRITICAL_JUDGMENT","Catches planted AI defects and unverified assumptions.",5,3,"","",""
"my66qqfgb1hjxihhklmr00x4","challenge-custom-nineentertainmenttechnology-49-sn9pz","Nine Entertainment Technology: Senior Platform Engineer — Cloud Operations & Multi-Cloud Governance","Nine Entertainment Technology","Senior Platform Engineer — Cloud Operations & Multi-Cloud Governance","TRADEOFF_AWARENESS","Explains technical trade-offs and performance considerations.",4,3,"","",""
"epy6rl5k225nbi1z9joag262","challenge-custom-nineentertainmenttechnology-49-sn9pz","Nine Entertainment Technology: Senior Platform Engineer — Cloud Operations & Multi-Cloud Governance","Nine Entertainment Technology","Senior Platform Engineer — Cloud Operations & Multi-Cloud Governance","DOMAIN_FIT","Tailors features to the actual real-world needs of the domain.",4,3,"","",""
"ukzomntabgtrmszsna0ori2i","challenge-custom-nineentertainmenttechnology-49-sn9pz","Nine Entertainment Technology: Senior Platform Engineer — Cloud Operations & Multi-Cloud Governance","Nine Entertainment Technology","Senior Platform Engineer — Cloud Operations & Multi-Cloud Governance","COMMUNICATION","Directs AI assistant with clear, structured prompts and clear documentation.",3,3,"","",""
"e122f3j7dyftpy1mmpzjonbu","cvmnrilg2iva6143nxxcks22","Mid-Level Backend Engineer — Consumer Data Right (CDR) Consent Gateway","Macquarie","AI Engineering Platform software engineer","PROBLEM_FRAMING","Interrogates CDR scope boundaries and AEST timezone expiry rules prior to writing code.",15,3,"","",""
"vb02lzx2todzk0ymifzjp5r6","l13vk8j3w4q224vctvj4frkx","Mid-Level Backend Engineer — Consumer Data Right (CDR) Consent Gateway","Macquarie","AI Engineering Platform role","PROBLEM_FRAMING","Interrogates CDR scope boundaries and AEST timezone expiry rules prior to writing code.",15,3,"","",""
"gsql0819o8xoxxwzu4v0lc7r","challenge-custom-mittibysafetyculture-mumucnby","Mitti by SafetyCulture: Frontend Platform Engineer / Architect","Mitti by SafetyCulture","Frontend Platform Engineer / Architect","PROBLEM_FRAMING","Clarifies scope boundaries, non-goals, and edge cases before coding.",4,3,"","",""
"hc62a3tl9kgtyva6d3vz6xfc","challenge-custom-mittibysafetyculture-mumucnby","Mitti by SafetyCulture: Frontend Platform Engineer / Architect","Mitti by SafetyCulture","Frontend Platform Engineer / Architect","TECHNICAL_APPROACH","Designs decoupled architecture and pure logic prior to UI generation.",5,3,"","",""
"j9qqtkdn4ueq92i16644w63l","challenge-custom-mittibysafetyculture-mumucnby","Mitti by SafetyCulture: Frontend Platform Engineer / Architect","Mitti by SafetyCulture","Frontend Platform Engineer / Architect","CRITICAL_JUDGMENT","Catches planted AI defects and unverified assumptions.",5,3,"","",""
"vv9gzh1rq7x0wtwfzpgkev91","challenge-custom-mittibysafetyculture-mumucnby","Mitti by SafetyCulture: Frontend Platform Engineer / Architect","Mitti by SafetyCulture","Frontend Platform Engineer / Architect","TRADEOFF_AWARENESS","Explains technical trade-offs and performance considerations.",4,3,"","",""
"lh1vo5o5m6shdv11yeifv4mq","challenge-custom-mittibysafetyculture-mumucnby","Mitti by SafetyCulture: Frontend Platform Engineer / Architect","Mitti by SafetyCulture","Frontend Platform Engineer / Architect","DOMAIN_FIT","Tailors features to the actual real-world needs of the domain.",4,3,"","",""
"ejz4edd4qt7vgolra4wxnzi2","challenge-custom-mittibysafetyculture-mumucnby","Mitti by SafetyCulture: Frontend Platform Engineer / Architect","Mitti by SafetyCulture","Frontend Platform Engineer / Architect","COMMUNICATION","Directs AI assistant with clear, structured prompts and clear documentation.",3,3,"","",""
"tqvxqfehzj70i68ewvj12jr1","challenge-custom-tiktok-mumucnbz","TikTok: Frontend Engineer — TikTok LIVE Ecosystem","TikTok","Frontend Engineer — TikTok LIVE Ecosystem","PROBLEM_FRAMING","Clarifies scope boundaries, non-goals, and edge cases before coding.",4,3,"","",""
"r2y1sgn1y1i00mjm2oqprpqk","challenge-custom-tiktok-mumucnbz","TikTok: Frontend Engineer — TikTok LIVE Ecosystem","TikTok","Frontend Engineer — TikTok LIVE Ecosystem","TECHNICAL_APPROACH","Designs decoupled architecture and pure logic prior to UI generation.",5,3,"","",""
"jov5urnpb8ocmjdbrg4ge7et","challenge-custom-tiktok-mumucnbz","TikTok: Frontend Engineer — TikTok LIVE Ecosystem","TikTok","Frontend Engineer — TikTok LIVE Ecosystem","CRITICAL_JUDGMENT","Catches planted AI defects and unverified assumptions.",5,3,"","",""
"uoj8pd7ru9wm9g5s8ipwjyvb","challenge-custom-tiktok-mumucnbz","TikTok: Frontend Engineer — TikTok LIVE Ecosystem","TikTok","Frontend Engineer — TikTok LIVE Ecosystem","TRADEOFF_AWARENESS","Explains technical trade-offs and performance considerations.",4,3,"","",""
"hu9bfygk0ktaf6gjmvpudwaw","challenge-custom-tiktok-mumucnbz","TikTok: Frontend Engineer — TikTok LIVE Ecosystem","TikTok","Frontend Engineer — TikTok LIVE Ecosystem","DOMAIN_FIT","Tailors features to the actual real-world needs of the domain.",4,3,"","",""
"ulj2gmit0uj8v6de4jfnbots","challenge-custom-tiktok-mumucnbz","TikTok: Frontend Engineer — TikTok LIVE Ecosystem","TikTok","Frontend Engineer — TikTok LIVE Ecosystem","COMMUNICATION","Directs AI assistant with clear, structured prompts and clear documentation.",3,3,"","",""
"o4abd1psk7vooh9i9mwsx9o7","challenge-custom-stealthfintechpaymentsinfrastructure-mumucnbz","Stealth FinTech / Payments Infrastructure: Staff / Principal Backend Engineer — Payments Infrastructure","Stealth FinTech / Payments Infrastructure","Staff / Principal Backend Engineer — Payments Infrastructure","PROBLEM_FRAMING","Clarifies scope boundaries, non-goals, and edge cases before coding.",4,3,"","",""
"xieqd5vc1ikfqmpoouc3dzgm","challenge-custom-stealthfintechpaymentsinfrastructure-mumucnbz","Stealth FinTech / Payments Infrastructure: Staff / Principal Backend Engineer — Payments Infrastructure","Stealth FinTech / Payments Infrastructure","Staff / Principal Backend Engineer — Payments Infrastructure","TECHNICAL_APPROACH","Designs decoupled architecture and pure logic prior to UI generation.",5,3,"","",""
"vsle8uu53cmqslotlg5dbmu9","challenge-custom-stealthfintechpaymentsinfrastructure-mumucnbz","Stealth FinTech / Payments Infrastructure: Staff / Principal Backend Engineer — Payments Infrastructure","Stealth FinTech / Payments Infrastructure","Staff / Principal Backend Engineer — Payments Infrastructure","CRITICAL_JUDGMENT","Catches planted AI defects and unverified assumptions.",5,3,"","",""
"wfh0ur8di8k4ezpxkb7hsplc","challenge-custom-stealthfintechpaymentsinfrastructure-mumucnbz","Stealth FinTech / Payments Infrastructure: Staff / Principal Backend Engineer — Payments Infrastructure","Stealth FinTech / Payments Infrastructure","Staff / Principal Backend Engineer — Payments Infrastructure","TRADEOFF_AWARENESS","Explains technical trade-offs and performance considerations.",4,3,"","",""
"an8f8vwtahxo8mntgte4m2kq","challenge-custom-stealthfintechpaymentsinfrastructure-mumucnbz","Stealth FinTech / Payments Infrastructure: Staff / Principal Backend Engineer — Payments Infrastructure","Stealth FinTech / Payments Infrastructure","Staff / Principal Backend Engineer — Payments Infrastructure","DOMAIN_FIT","Tailors features to the actual real-world needs of the domain.",4,3,"","",""
"t13nnvbsvadjy79inoc4rhhl","challenge-custom-stealthfintechpaymentsinfrastructure-mumucnbz","Stealth FinTech / Payments Infrastructure: Staff / Principal Backend Engineer — Payments Infrastructure","Stealth FinTech / Payments Infrastructure","Staff / Principal Backend Engineer — Payments Infrastructure","COMMUNICATION","Directs AI assistant with clear, structured prompts and clear documentation.",3,3,"","",""
"teykb964n4abe73mt4stii41","challenge-custom-mittibysafetyculture-mumucnbz","Mitti by SafetyCulture: Software Engineer II — Distributed Backend","Mitti by SafetyCulture","Software Engineer II — Distributed Backend","PROBLEM_FRAMING","Clarifies scope boundaries, non-goals, and edge cases before coding.",4,3,"","",""
"ck25wdz7f1grzqirb14y2cs6","challenge-custom-mittibysafetyculture-mumucnbz","Mitti by SafetyCulture: Software Engineer II — Distributed Backend","Mitti by SafetyCulture","Software Engineer II — Distributed Backend","TECHNICAL_APPROACH","Designs decoupled architecture and pure logic prior to UI generation.",5,3,"","",""
"lctiiffjdb7qhhpjdy0kq2wo","challenge-custom-mittibysafetyculture-mumucnbz","Mitti by SafetyCulture: Software Engineer II — Distributed Backend","Mitti by SafetyCulture","Software Engineer II — Distributed Backend","CRITICAL_JUDGMENT","Catches planted AI defects and unverified assumptions.",5,3,"","",""
"ztlypl98p348qwkhspqn0ham","challenge-custom-mittibysafetyculture-mumucnbz","Mitti by SafetyCulture: Software Engineer II — Distributed Backend","Mitti by SafetyCulture","Software Engineer II — Distributed Backend","TRADEOFF_AWARENESS","Explains technical trade-offs and performance considerations.",4,3,"","",""
"ekii1phnyrfcearrq713dckb","challenge-custom-mittibysafetyculture-mumucnbz","Mitti by SafetyCulture: Software Engineer II — Distributed Backend","Mitti by SafetyCulture","Software Engineer II — Distributed Backend","DOMAIN_FIT","Tailors features to the actual real-world needs of the domain.",4,3,"","",""
"f14e432hixlkppfg7brjaxtm","challenge-custom-mittibysafetyculture-mumucnbz","Mitti by SafetyCulture: Software Engineer II — Distributed Backend","Mitti by SafetyCulture","Software Engineer II — Distributed Backend","COMMUNICATION","Directs AI assistant with clear, structured prompts and clear documentation.",3,3,"","",""
"c2twjtb0folwqr1tom4qmrc5","challenge-custom-mittibysafetyculture-22-hndwy","Mitti by SafetyCulture: Software Engineer II — Customer Identity & Access Management (CIAM)","Mitti by SafetyCulture","Software Engineer II — Customer Identity & Access Management (CIAM)","PROBLEM_FRAMING","Clarifies scope boundaries, non-goals, and edge cases before coding.",4,3,"","",""
"odq6x9lfdetdyvgobtce7vya","challenge-custom-stake-37-067zl","Stake: Software Engineer — Core Investing Platform","Stake","Software Engineer — Core Investing Platform","PROBLEM_FRAMING","Clarifies scope boundaries, non-goals, and edge cases before coding.",4,3,"","",""
"lv6kkg8gxl3ihuup5jnp3y09","challenge-custom-stake-37-067zl","Stake: Software Engineer — Core Investing Platform","Stake","Software Engineer — Core Investing Platform","TECHNICAL_APPROACH","Designs decoupled architecture and pure logic prior to UI generation.",5,3,"","",""
"l10zml0xmuyfzrxcww1826s6","challenge-custom-stake-37-067zl","Stake: Software Engineer — Core Investing Platform","Stake","Software Engineer — Core Investing Platform","CRITICAL_JUDGMENT","Catches planted AI defects and unverified assumptions.",5,3,"","",""
"xblag1i0rqdj30d4uuxzj5zz","challenge-custom-stake-37-067zl","Stake: Software Engineer — Core Investing Platform","Stake","Software Engineer — Core Investing Platform","TRADEOFF_AWARENESS","Explains technical trade-offs and performance considerations.",4,3,"","",""
"xe2bzcuoho812mxpt97kr05g","challenge-custom-stake-37-067zl","Stake: Software Engineer — Core Investing Platform","Stake","Software Engineer — Core Investing Platform","DOMAIN_FIT","Tailors features to the actual real-world needs of the domain.",4,3,"","",""
"wj8ddjdeeq28l8fsfm22tp1u","challenge-custom-stake-37-067zl","Stake: Software Engineer — Core Investing Platform","Stake","Software Engineer — Core Investing Platform","COMMUNICATION","Directs AI assistant with clear, structured prompts and clear documentation.",3,3,"","",""
"mcyuybia9pf4lnmmdivdf4db","challenge-custom-amazonwebservicesaws-38-pwda5","Amazon Web Services (AWS): Software Development Engineer — Internet Edge Service (IES)","Amazon Web Services (AWS)","Software Development Engineer — Internet Edge Service (IES)","PROBLEM_FRAMING","Clarifies scope boundaries, non-goals, and edge cases before coding.",4,3,"","",""
"sd1nwrsthfaxuc3472il4i5x","challenge-custom-amazonwebservicesaws-38-pwda5","Amazon Web Services (AWS): Software Development Engineer — Internet Edge Service (IES)","Amazon Web Services (AWS)","Software Development Engineer — Internet Edge Service (IES)","TECHNICAL_APPROACH","Designs decoupled architecture and pure logic prior to UI generation.",5,3,"","",""
"m51r2cky3nf6d3s5g4karxyq","challenge-custom-amazonwebservicesaws-38-pwda5","Amazon Web Services (AWS): Software Development Engineer — Internet Edge Service (IES)","Amazon Web Services (AWS)","Software Development Engineer — Internet Edge Service (IES)","CRITICAL_JUDGMENT","Catches planted AI defects and unverified assumptions.",5,3,"","",""
"tq530r9g0rxobbne0dpxgyge","challenge-custom-amazonwebservicesaws-38-pwda5","Amazon Web Services (AWS): Software Development Engineer — Internet Edge Service (IES)","Amazon Web Services (AWS)","Software Development Engineer — Internet Edge Service (IES)","TRADEOFF_AWARENESS","Explains technical trade-offs and performance considerations.",4,3,"","",""
"jvmigp7yx7dfjwbclw8wh4hj","challenge-custom-amazonwebservicesaws-38-pwda5","Amazon Web Services (AWS): Software Development Engineer — Internet Edge Service (IES)","Amazon Web Services (AWS)","Software Development Engineer — Internet Edge Service (IES)","DOMAIN_FIT","Tailors features to the actual real-world needs of the domain.",4,3,"","",""
"ewumh9dzbpi2jy21bpl3imgz","challenge-custom-amazonwebservicesaws-38-pwda5","Amazon Web Services (AWS): Software Development Engineer — Internet Edge Service (IES)","Amazon Web Services (AWS)","Software Development Engineer — Internet Edge Service (IES)","COMMUNICATION","Directs AI assistant with clear, structured prompts and clear documentation.",3,3,"","",""
"ardjkekocl5tf6ywaem6pqdw","challenge-custom-andurilindustries-39-mttxw","Anduril Industries: Software Engineer — Autonomous Systems & Safety-Critical Platform","Anduril Industries","Software Engineer — Autonomous Systems & Safety-Critical Platform","PROBLEM_FRAMING","Clarifies scope boundaries, non-goals, and edge cases before coding.",4,3,"","",""
"og2yfv1in3ftxhiggz6hzrlc","challenge-custom-andurilindustries-39-mttxw","Anduril Industries: Software Engineer — Autonomous Systems & Safety-Critical Platform","Anduril Industries","Software Engineer — Autonomous Systems & Safety-Critical Platform","TECHNICAL_APPROACH","Designs decoupled architecture and pure logic prior to UI generation.",5,3,"","",""
"yebgim1lacekxei5ysz5a13p","challenge-custom-andurilindustries-39-mttxw","Anduril Industries: Software Engineer — Autonomous Systems & Safety-Critical Platform","Anduril Industries","Software Engineer — Autonomous Systems & Safety-Critical Platform","CRITICAL_JUDGMENT","Catches planted AI defects and unverified assumptions.",5,3,"","",""
"m597uuhjfx0uqa5fs3xob4ka","challenge-custom-andurilindustries-39-mttxw","Anduril Industries: Software Engineer — Autonomous Systems & Safety-Critical Platform","Anduril Industries","Software Engineer — Autonomous Systems & Safety-Critical Platform","TRADEOFF_AWARENESS","Explains technical trade-offs and performance considerations.",4,3,"","",""
"bh48z83ka1yi7bjobp2jxocr","challenge-custom-mittibysafetyculture-22-hndwy","Mitti by SafetyCulture: Software Engineer II — Customer Identity & Access Management (CIAM)","Mitti by SafetyCulture","Software Engineer II — Customer Identity & Access Management (CIAM)","TECHNICAL_APPROACH","Designs decoupled architecture and pure logic prior to UI generation.",5,3,"","",""
"a8vza47po1024lmivhe37afo","challenge-custom-mittibysafetyculture-22-hndwy","Mitti by SafetyCulture: Software Engineer II — Customer Identity & Access Management (CIAM)","Mitti by SafetyCulture","Software Engineer II — Customer Identity & Access Management (CIAM)","CRITICAL_JUDGMENT","Catches planted AI defects and unverified assumptions.",5,3,"","",""
"uwfch1bgxou0lpsstzkkr3x6","challenge-custom-mittibysafetyculture-22-hndwy","Mitti by SafetyCulture: Software Engineer II — Customer Identity & Access Management (CIAM)","Mitti by SafetyCulture","Software Engineer II — Customer Identity & Access Management (CIAM)","TRADEOFF_AWARENESS","Explains technical trade-offs and performance considerations.",4,3,"","",""
"hgcahh3rhqyep7hockmrjpn2","challenge-custom-mittibysafetyculture-22-hndwy","Mitti by SafetyCulture: Software Engineer II — Customer Identity & Access Management (CIAM)","Mitti by SafetyCulture","Software Engineer II — Customer Identity & Access Management (CIAM)","DOMAIN_FIT","Tailors features to the actual real-world needs of the domain.",4,3,"","",""
"tvayhiikw2v0eme307kimg4r","challenge-custom-mittibysafetyculture-22-hndwy","Mitti by SafetyCulture: Software Engineer II — Customer Identity & Access Management (CIAM)","Mitti by SafetyCulture","Software Engineer II — Customer Identity & Access Management (CIAM)","COMMUNICATION","Directs AI assistant with clear, structured prompts and clear documentation.",3,3,"","",""
"bypkl5shvofxbo3je56grlxx","challenge-custom-propeller-23-b8o0m","Propeller: Backend Processing Pipeline Engineer","Propeller","Backend Processing Pipeline Engineer","PROBLEM_FRAMING","Clarifies scope boundaries, non-goals, and edge cases before coding.",4,3,"","",""
"e5y3w6sb2c7stiojucurxhbe","challenge-custom-propeller-23-b8o0m","Propeller: Backend Processing Pipeline Engineer","Propeller","Backend Processing Pipeline Engineer","TECHNICAL_APPROACH","Designs decoupled architecture and pure logic prior to UI generation.",5,3,"","",""
"rssgpx0mvylzj6cs189q4ge7","challenge-atlassian-fullstack","Atlassian: Senior Full-Stack Engineer","Atlassian","Senior Full-Stack Engineer","PROBLEM_FRAMING","Clarifies concurrency boundaries, optimistic rollback contracts, and accessibility targets upfront.",4,3,"","",""
"ozhcj9y9gzfup054vz5cip1e","challenge-atlassian-fullstack","Atlassian: Senior Full-Stack Engineer","Atlassian","Senior Full-Stack Engineer","TECHNICAL_APPROACH","Implements decoupled state management supporting optimistic mutations and predictable rollback snapshots.",5,3,"","",""
"ro8a49dy0y6nzok4pirlj3t5","challenge-atlassian-fullstack","Atlassian: Senior Full-Stack Engineer","Atlassian","Senior Full-Stack Engineer","CRITICAL_JUDGMENT","Catches AI-generated race conditions in asynchronous network callbacks and validates accessibility.",5,3,"","",""
"krh2xx6t9scq5zu065j54hya","challenge-atlassian-fullstack","Atlassian: Senior Full-Stack Engineer","Atlassian","Senior Full-Stack Engineer","TRADEOFF_AWARENESS","Compares client-side optimistic rendering vs pessimistic loading states for collaborative enterprise tools.",4,3,"","",""
"phr48wbq1z4lbyddzkdz9das","challenge-atlassian-fullstack","Atlassian: Senior Full-Stack Engineer","Atlassian","Senior Full-Stack Engineer","DOMAIN_FIT","Adheres to Atlassian Design System patterns and enterprise team collaboration expectations.",4,3,"","",""
"xzs690s4tnrm8y5iz8250t80","challenge-atlassian-fullstack","Atlassian: Senior Full-Stack Engineer","Atlassian","Senior Full-Stack Engineer","COMMUNICATION","Maintains structured commit discipline and directs AI assistants with modular, component-level tasks.",3,3,"","",""
"icw5yt3lpjz2jd7cjpzg459h","challenge-datadog-cloud-telemetry","Datadog: Senior Cloud Systems Engineer","Datadog","Senior Cloud Systems Engineer","PROBLEM_FRAMING","Establishes memory bounds, drop priorities, and statistical calculation semantics before writing code.",4,3,"","",""
"gdal9vfv52io554be376cb7x","challenge-datadog-cloud-telemetry","Datadog: Senior Cloud Systems Engineer","Datadog","Senior Cloud Systems Engineer","TECHNICAL_APPROACH","Implements circular ring buffer data structures and sliding-window histogram aggregation.",5,3,"","",""
"xnawt9qp0rjz32762a08ushz","challenge-datadog-cloud-telemetry","Datadog: Senior Cloud Systems Engineer","Datadog","Senior Cloud Systems Engineer","CRITICAL_JUDGMENT","Catches AI memory leaks, off-by-one window eviction errors, and synthetic benchmark flaws.",5,3,"","",""
"wnutzbcn4oc453ig0q8s61jv","challenge-datadog-cloud-telemetry","Datadog: Senior Cloud Systems Engineer","Datadog","Senior Cloud Systems Engineer","TRADEOFF_AWARENESS","Evaluates trade-offs between exact percentile precision vs memory and CPU efficiency.",4,3,"","",""
"v1sc9o25iw5k6b0gbn6grlm8","challenge-datadog-cloud-telemetry","Datadog: Senior Cloud Systems Engineer","Datadog","Senior Cloud Systems Engineer","DOMAIN_FIT","Reflects Datadog observability rigor: metric naming conventions, structured tags, and alert thresholds.",4,3,"","",""
"w11z8cibzbxw5k7qob74icuf","challenge-datadog-cloud-telemetry","Datadog: Senior Cloud Systems Engineer","Datadog","Senior Cloud Systems Engineer","COMMUNICATION","Directs AI assistant with precise algorithmic constraints and documents buffer boundary invariants.",3,3,"","",""
"b8lhywith7g5aighsguvc2e9","challenge-custom-propeller-23-b8o0m","Propeller: Backend Processing Pipeline Engineer","Propeller","Backend Processing Pipeline Engineer","CRITICAL_JUDGMENT","Catches planted AI defects and unverified assumptions.",5,3,"","",""
"ch37wiy2mo06f0g2z0tr1qvf","challenge-custom-propeller-23-b8o0m","Propeller: Backend Processing Pipeline Engineer","Propeller","Backend Processing Pipeline Engineer","TRADEOFF_AWARENESS","Explains technical trade-offs and performance considerations.",4,3,"","",""
"cpm3w5u7vunvg2t4rt281tws","cvmnrilg2iva6143nxxcks22","Mid-Level Backend Engineer — Consumer Data Right (CDR) Consent Gateway","Macquarie","AI Engineering Platform software engineer","TECHNICAL_APPROACH","Implements clean middleware pattern for consent validation with explicit separation of authorization from data retrieval.",15,3,"","",""
"y62ufdd4gakux0mk789xive2","cvmnrilg2iva6143nxxcks22","Mid-Level Backend Engineer — Consumer Data Right (CDR) Consent Gateway","Macquarie","AI Engineering Platform software engineer","AI_DIRECTION","Directs the AI to write unit tests for boundary conditions (e.g., consent expiring at 23:59:59 AEST).",15,3,"","",""
"nddn1o0gly3f1lobds9g29ya","cvmnrilg2iva6143nxxcks22","Mid-Level Backend Engineer — Consumer Data Right (CDR) Consent Gateway","Macquarie","AI Engineering Platform software engineer","CRITICAL_JUDGMENT","Identifies and fixes the AI's attempt to use browser-local Date.now() without AEST offset reconciliation.",20,3,"","",""
"jex5fj8x9cru5g97gk0gfx2h","cvmnrilg2iva6143nxxcks22","Mid-Level Backend Engineer — Consumer Data Right (CDR) Consent Gateway","Macquarie","AI Engineering Platform software engineer","TRADEOFF_AWARENESS","Explains token revocation caching tradeoffs (Redis cache vs synchronous DB read for real-time revocation).",10,3,"","",""
"z1f9b1oe6bv4gxho8ucqxmzg","cvmnrilg2iva6143nxxcks22","Mid-Level Backend Engineer — Consumer Data Right (CDR) Consent Gateway","Macquarie","AI Engineering Platform software engineer","DOMAIN_FIT","Conforms to ACCC Consumer Data Right standards, handling 403 Forbidden with standard CDR error codes.",15,3,"","",""
"e109lkhoh16d3r1duqilhy0j","cvmnrilg2iva6143nxxcks22","Mid-Level Backend Engineer — Consumer Data Right (CDR) Consent Gateway","Macquarie","AI Engineering Platform software engineer","COMMUNICATION","Documents security assumptions and error handling clearly for auditing mentors.",10,3,"","",""
"m64x1x9omsba6u3sebkmbuj4","l13vk8j3w4q224vctvj4frkx","Mid-Level Backend Engineer — Consumer Data Right (CDR) Consent Gateway","Macquarie","AI Engineering Platform role","TECHNICAL_APPROACH","Implements clean middleware pattern for consent validation with explicit separation of authorization from data retrieval.",15,3,"","",""
"unjh4lffg4f6ztcs01g87m66","l13vk8j3w4q224vctvj4frkx","Mid-Level Backend Engineer — Consumer Data Right (CDR) Consent Gateway","Macquarie","AI Engineering Platform role","AI_DIRECTION","Directs the AI to write unit tests for boundary conditions (e.g., consent expiring at 23:59:59 AEST).",15,3,"","",""
"g8v7o0x0w7mzg39hbplabj9c","l13vk8j3w4q224vctvj4frkx","Mid-Level Backend Engineer — Consumer Data Right (CDR) Consent Gateway","Macquarie","AI Engineering Platform role","CRITICAL_JUDGMENT","Identifies and fixes the AI's attempt to use browser-local Date.now() without AEST offset reconciliation.",20,3,"","",""
"p11txpzl6j6btmlebfbsqhos","l13vk8j3w4q224vctvj4frkx","Mid-Level Backend Engineer — Consumer Data Right (CDR) Consent Gateway","Macquarie","AI Engineering Platform role","TRADEOFF_AWARENESS","Explains token revocation caching tradeoffs (Redis cache vs synchronous DB read for real-time revocation).",10,3,"","",""
"k304o62okisqxu9d6wucrla2","l13vk8j3w4q224vctvj4frkx","Mid-Level Backend Engineer — Consumer Data Right (CDR) Consent Gateway","Macquarie","AI Engineering Platform role","DOMAIN_FIT","Conforms to ACCC Consumer Data Right standards, handling 403 Forbidden with standard CDR error codes.",15,3,"","",""
"z7a2tlwdpo449o4i8tjrxt8x","l13vk8j3w4q224vctvj4frkx","Mid-Level Backend Engineer — Consumer Data Right (CDR) Consent Gateway","Macquarie","AI Engineering Platform role","COMMUNICATION","Documents security assumptions and error handling clearly for auditing mentors.",10,3,"","",""
"xm1c80lt1xm5cvgbryva1rwd","sq9uk2f8oc602fcfrhbsfw2h","Mid-Level Backend Engineer — Consumer Data Right (CDR) Consent Gateway","Macquarie","Software Engineer, AI Engineering Platform","PROBLEM_FRAMING","Interrogates CDR scope boundaries and AEST timezone expiry rules prior to writing code.",15,3,"","",""
"sky6chswb41c4xgzai1557ke","sq9uk2f8oc602fcfrhbsfw2h","Mid-Level Backend Engineer — Consumer Data Right (CDR) Consent Gateway","Macquarie","Software Engineer, AI Engineering Platform","TECHNICAL_APPROACH","Implements clean middleware pattern for consent validation with explicit separation of authorization from data retrieval.",15,3,"","",""
"rykhpegxnu2q7l7nvuy133js","sq9uk2f8oc602fcfrhbsfw2h","Mid-Level Backend Engineer — Consumer Data Right (CDR) Consent Gateway","Macquarie","Software Engineer, AI Engineering Platform","AI_DIRECTION","Directs the AI to write unit tests for boundary conditions (e.g., consent expiring at 23:59:59 AEST).",15,3,"","",""
"x56cxzm930ihn7p067htye7j","sq9uk2f8oc602fcfrhbsfw2h","Mid-Level Backend Engineer — Consumer Data Right (CDR) Consent Gateway","Macquarie","Software Engineer, AI Engineering Platform","CRITICAL_JUDGMENT","Identifies and fixes the AI's attempt to use browser-local Date.now() without AEST offset reconciliation.",20,3,"","",""
"jjnd5dwi77nkigakwzufd5jg","sq9uk2f8oc602fcfrhbsfw2h","Mid-Level Backend Engineer — Consumer Data Right (CDR) Consent Gateway","Macquarie","Software Engineer, AI Engineering Platform","TRADEOFF_AWARENESS","Explains token revocation caching tradeoffs (Redis cache vs synchronous DB read for real-time revocation).",10,3,"","",""
"otfwzpag832rkrp3um2f7iip","sq9uk2f8oc602fcfrhbsfw2h","Mid-Level Backend Engineer — Consumer Data Right (CDR) Consent Gateway","Macquarie","Software Engineer, AI Engineering Platform","DOMAIN_FIT","Conforms to ACCC Consumer Data Right standards, handling 403 Forbidden with standard CDR error codes.",15,3,"","",""
"klv7y8tikrmbs8il7l9mz972","sq9uk2f8oc602fcfrhbsfw2h","Mid-Level Backend Engineer — Consumer Data Right (CDR) Consent Gateway","Macquarie","Software Engineer, AI Engineering Platform","COMMUNICATION","Documents security assumptions and error handling clearly for auditing mentors.",10,3,"","",""
"kvru2b099zmbuagy1sfdiq00","icu13uwfo9r9ffjradif46hs","IMC — About the job Component & State Architecture","IMC","Machine Learning Internship","PROBLEM_FRAMING","Demonstrates understanding of the problem domain by identifying and clarifying key invariants, data schemas, and acceptance criteria before generating code, working under routine direction from experienced researchers and mentors.",15,2,"","",""
"u7oa4byn5l311437gjbvf1wk","icu13uwfo9r9ffjradif46hs","IMC — About the job Component & State Architecture","IMC","Machine Learning Internship","TECHNICAL_APPROACH","Implements a modular architecture that separates pure state/domain logic from UI rendering components, uses strict TypeScript typing, and avoids direct mutation of state.",15,2,"","",""
"fqonqx5gehoyjbc6q7ppzh8h","k1450cey8isoddiirhth82l2","Mid-Level Backend Engineer — Consumer Data Right (CDR) Consent Gateway","Macquarie","AI Engineering Platform - Software Engineer","TECHNICAL_APPROACH","Implements clean middleware pattern for consent validation with explicit separation of authorization from data retrieval.",15,3,"","",""
"htlx1p7laahv12s5fyjn94v7","k1450cey8isoddiirhth82l2","Mid-Level Backend Engineer — Consumer Data Right (CDR) Consent Gateway","Macquarie","AI Engineering Platform - Software Engineer","AI_DIRECTION","Directs the AI to write unit tests for boundary conditions (e.g., consent expiring at 23:59:59 AEST).",15,3,"","",""
"tqzjr9fda1kilb2ozphfergm","icu13uwfo9r9ffjradif46hs","IMC — About the job Component & State Architecture","IMC","Machine Learning Internship","AI_DIRECTION","Directs the AI in a phased, modular manner by breaking down the task into discrete steps (e.g., state design, UI components, tests) and validates each step before proceeding, rather than issuing one-shot prompts for the entire module.",15,2,"","",""
"xbt1s975k8abkaxqxhcfp6wi","icu13uwfo9r9ffjradif46hs","IMC — About the job Component & State Architecture","IMC","Machine Learning Internship","CRITICAL_JUDGMENT","Critically evaluates AI-generated code and suggestions, identifying and correcting injected traps such as direct state mutation, missing error handling, or accessibility violations, and verifies against requirements.",20,2,"","",""
"ar2qnffpst0yg8pbvy5fglv3","icu13uwfo9r9ffjradif46hs","IMC — About the job Component & State Architecture","IMC","Machine Learning Internship","TRADEOFF_AWARENESS","Documents and discusses engineering tradeoffs (e.g., performance vs. simplicity, library choice, state management approach) in chat or commit messages, with guidance from mentors.",10,2,"","",""
"dd1lr4mnjf6f9o7d1ly8zf8a","icu13uwfo9r9ffjradif46hs","IMC — About the job Component & State Architecture","IMC","Machine Learning Internship","DOMAIN_FIT","Ensures strict compliance with Australian domain logic, including WCAG 2.1 AA accessibility guidelines, keyboard navigation, and screen-reader compliance as specified in the task.",15,2,"","",""
"w7xpunqbbgxvcj4ib5oyum57","icu13uwfo9r9ffjradif46hs","IMC — About the job Component & State Architecture","IMC","Machine Learning Internship","COMMUNICATION","Maintains clean commit hygiene with descriptive messages and avoids lazy AI-generated comments (e.g., 'TODO: implement', 'magic happens here'), ensuring code is self-documenting and review-ready.",10,2,"","",""
"hmrh2g78b4n04hbe1lxxq19p","fspf3utj52qv7x86w6v9vwmo","Mid-Level Backend Engineer — Consumer Data Right (CDR) Consent Gateway","Macquarie","AI Engineering Platform - Software Engineer","PROBLEM_FRAMING","Interrogates CDR scope boundaries and AEST timezone expiry rules prior to writing code.",15,3,"","",""
"vkrezzi10atpvily7s536xzq","fspf3utj52qv7x86w6v9vwmo","Mid-Level Backend Engineer — Consumer Data Right (CDR) Consent Gateway","Macquarie","AI Engineering Platform - Software Engineer","TECHNICAL_APPROACH","Implements clean middleware pattern for consent validation with explicit separation of authorization from data retrieval.",15,3,"","",""
"ihqlgl8av8ezrc38xk0ef50f","fspf3utj52qv7x86w6v9vwmo","Mid-Level Backend Engineer — Consumer Data Right (CDR) Consent Gateway","Macquarie","AI Engineering Platform - Software Engineer","AI_DIRECTION","Directs the AI to write unit tests for boundary conditions (e.g., consent expiring at 23:59:59 AEST).",15,3,"","",""
"e8loq8o9opwj0afd1yqog1xn","fspf3utj52qv7x86w6v9vwmo","Mid-Level Backend Engineer — Consumer Data Right (CDR) Consent Gateway","Macquarie","AI Engineering Platform - Software Engineer","CRITICAL_JUDGMENT","Identifies and fixes the AI's attempt to use browser-local Date.now() without AEST offset reconciliation.",20,3,"","",""
"um1dh19btzj3vdr6p6ql0cjy","fspf3utj52qv7x86w6v9vwmo","Mid-Level Backend Engineer — Consumer Data Right (CDR) Consent Gateway","Macquarie","AI Engineering Platform - Software Engineer","TRADEOFF_AWARENESS","Explains token revocation caching tradeoffs (Redis cache vs synchronous DB read for real-time revocation).",10,3,"","",""
"o7qvvv24r5c5s31mnz61acls","fspf3utj52qv7x86w6v9vwmo","Mid-Level Backend Engineer — Consumer Data Right (CDR) Consent Gateway","Macquarie","AI Engineering Platform - Software Engineer","DOMAIN_FIT","Conforms to ACCC Consumer Data Right standards, handling 403 Forbidden with standard CDR error codes.",15,3,"","",""
"fxbwc6oskoca3p3ovzwei8l6","fspf3utj52qv7x86w6v9vwmo","Mid-Level Backend Engineer — Consumer Data Right (CDR) Consent Gateway","Macquarie","AI Engineering Platform - Software Engineer","COMMUNICATION","Documents security assumptions and error handling clearly for auditing mentors.",10,3,"","",""
"jvn2moeiawdq70nscgqu8u3d","k1450cey8isoddiirhth82l2","Mid-Level Backend Engineer — Consumer Data Right (CDR) Consent Gateway","Macquarie","AI Engineering Platform - Software Engineer","PROBLEM_FRAMING","Interrogates CDR scope boundaries and AEST timezone expiry rules prior to writing code.",15,3,"","",""
"suyafn58j2p7pdrfh3zjh1wi","k1450cey8isoddiirhth82l2","Mid-Level Backend Engineer — Consumer Data Right (CDR) Consent Gateway","Macquarie","AI Engineering Platform - Software Engineer","CRITICAL_JUDGMENT","Identifies and fixes the AI's attempt to use browser-local Date.now() without AEST offset reconciliation.",20,3,"","",""
"fk5m7az0vnego4vnamlcdtvh","k1450cey8isoddiirhth82l2","Mid-Level Backend Engineer — Consumer Data Right (CDR) Consent Gateway","Macquarie","AI Engineering Platform - Software Engineer","TRADEOFF_AWARENESS","Explains token revocation caching tradeoffs (Redis cache vs synchronous DB read for real-time revocation).",10,3,"","",""
"v13vcz9a77jum9i1956vf34s","k1450cey8isoddiirhth82l2","Mid-Level Backend Engineer — Consumer Data Right (CDR) Consent Gateway","Macquarie","AI Engineering Platform - Software Engineer","DOMAIN_FIT","Conforms to ACCC Consumer Data Right standards, handling 403 Forbidden with standard CDR error codes.",15,3,"","",""
"ykb7420a0hfmzfccipg8xptg","k1450cey8isoddiirhth82l2","Mid-Level Backend Engineer — Consumer Data Right (CDR) Consent Gateway","Macquarie","AI Engineering Platform - Software Engineer","COMMUNICATION","Documents security assumptions and error handling clearly for auditing mentors.",10,3,"","",""
"hok98fjzddc5rg2os4wi360q","qv2bnudzai92duixn3pwt1jt","Mid-Level Backend Engineer — Consumer Data Right (CDR) Consent Gateway","Macquarie","AI Engineering Platform Software Engineer","PROBLEM_FRAMING","Interrogates CDR scope boundaries and AEST timezone expiry rules prior to writing code.",15,3,"","",""
"w13utah16scnk1c3nkyaqooy","qv2bnudzai92duixn3pwt1jt","Mid-Level Backend Engineer — Consumer Data Right (CDR) Consent Gateway","Macquarie","AI Engineering Platform Software Engineer","TECHNICAL_APPROACH","Implements clean middleware pattern for consent validation with explicit separation of authorization from data retrieval.",15,3,"","",""
"xrplkpodgvr896ebrknzubka","qv2bnudzai92duixn3pwt1jt","Mid-Level Backend Engineer — Consumer Data Right (CDR) Consent Gateway","Macquarie","AI Engineering Platform Software Engineer","AI_DIRECTION","Directs the AI to write unit tests for boundary conditions (e.g., consent expiring at 23:59:59 AEST).",15,3,"","",""
"ujvpev0gmcmvixn0tslssqbc","qv2bnudzai92duixn3pwt1jt","Mid-Level Backend Engineer — Consumer Data Right (CDR) Consent Gateway","Macquarie","AI Engineering Platform Software Engineer","CRITICAL_JUDGMENT","Identifies and fixes the AI's attempt to use browser-local Date.now() without AEST offset reconciliation.",20,3,"","",""
"k1eu5w4b5gj5ykxbvgbz5hpk","qv2bnudzai92duixn3pwt1jt","Mid-Level Backend Engineer — Consumer Data Right (CDR) Consent Gateway","Macquarie","AI Engineering Platform Software Engineer","TRADEOFF_AWARENESS","Explains token revocation caching tradeoffs (Redis cache vs synchronous DB read for real-time revocation).",10,3,"","",""
"pconzibb88fabg57wqdyskm1","qv2bnudzai92duixn3pwt1jt","Mid-Level Backend Engineer — Consumer Data Right (CDR) Consent Gateway","Macquarie","AI Engineering Platform Software Engineer","DOMAIN_FIT","Conforms to ACCC Consumer Data Right standards, handling 403 Forbidden with standard CDR error codes.",15,3,"","",""
"ntje47gpt21dafsilo397j5o","qv2bnudzai92duixn3pwt1jt","Mid-Level Backend Engineer — Consumer Data Right (CDR) Consent Gateway","Macquarie","AI Engineering Platform Software Engineer","COMMUNICATION","Documents security assumptions and error handling clearly for auditing mentors.",10,3,"","",""
"omizbxwdkhktbdhag6s5exbj","v2-1791012118529","FinTech Australia — Senior Fullstack Engineer (Node.js & SQLite) Component & State Architecture","FinTech Australia","Senior Fullstack Engineer (Node.js & SQLite)","PROBLEM_FRAMING","At SFIA Level 3, the candidate should independently clarify the component contract, state invariants, accessibility requirements, async states, and TypeScript schemas before generating or accepting implementation code, working under general guidance rather than needing step-by-step direction.",15,3,"","",""
"unlhuioqog94yf08la1cq8zy","v2-1791012118529","FinTech Australia — Senior Fullstack Engineer (Node.js & SQLite) Component & State Architecture","FinTech Australia","Senior Fullstack Engineer (Node.js & SQLite)","COMMUNICATION","At SFIA Level 3, the candidate should communicate implementation intent, review findings, and residual risks clearly through chat summaries, focused commits, meaningful test descriptions, and clean code without lazy AI-generated comments or misleading claims.",10,3,"","",""
"mqcspseeixgt2pi39q1zhzja","v2-1791012118529","FinTech Australia — Senior Fullstack Engineer (Node.js & SQLite) Component & State Architecture","FinTech Australia","Senior Fullstack Engineer (Node.js & SQLite)","TECHNICAL_APPROACH","At SFIA Level 3, the candidate should deliver a modular, typed, maintainable implementation that separates pure state/domain logic from rendering, avoids mutable updates and memory leaks, and uses tests to verify deterministic component behaviour.",15,3,"","",""
"dtd4048ls507e5l7vnjlb5bk","v2-1791012118529","FinTech Australia — Senior Fullstack Engineer (Node.js & SQLite) Component & State Architecture","FinTech Australia","Senior Fullstack Engineer (Node.js & SQLite)","AI_DIRECTION","At SFIA Level 3, the candidate should direct the AI as a controlled engineering assistant using phased, reviewable prompts for design, implementation, tests, and refinement, rather than delegating judgement to destructive one-shot generation.",15,3,"","",""
"jufe7m7fu6q3xqolyv9rsl6s","v2-1791012118529","FinTech Australia — Senior Fullstack Engineer (Node.js & SQLite) Component & State Architecture","FinTech Australia","Senior Fullstack Engineer (Node.js & SQLite)","CRITICAL_JUDGMENT","At SFIA Level 3, the candidate should critically review AI-generated code and explanations, identify hallucinations or unsafe patterns, and correct them before integration, especially where they affect privacy, accessibility, deterministic state, typing, and test validity.",20,3,"","",""
"nj1xiu2cyvtl6y08hlzuw58a","v2-1791012118529","FinTech Australia — Senior Fullstack Engineer (Node.js & SQLite) Component & State Architecture","FinTech Australia","Senior Fullstack Engineer (Node.js & SQLite)","TRADEOFF_AWARENESS","At SFIA Level 3, the candidate should document practical engineering tradeoffs in the chat, commits, or review notes, balancing performance, simplicity, accessibility, testability, and maintainability for a frontend financial-data component.",10,3,"","",""
"qgmyimnsofio2fzlwxg0a2ty","v2-1791012118529","FinTech Australia — Senior Fullstack Engineer (Node.js & SQLite) Component & State Architecture","FinTech Australia","Senior Fullstack Engineer (Node.js & SQLite)","DOMAIN_FIT","At SFIA Level 3, the candidate should ensure the solution fits an Australian fintech context by preserving privacy-by-design, accessibility obligations, reliable user-action handling, and domain-appropriate data minimisation without inventing non-Australian or unsupported compliance logic.",15,3,"","",""
"k102j0iop8m26w26100hhfo2","v2-1791012324414","Canva Work Sample — Accessible Brand Access Signals","Canva","Senior UI Designer & Design Technologist","PROBLEM_FRAMING","Frames the AccessSignals task before implementation by restating the supplied TypeScript contracts, accessibility/privacy/time-zone invariants, component boundaries and design-system deliverables, then uses those constraints to guide AI-generated code rather than treating the task as a generic UI build.",15,3,"","",""
"l11i561bmjymct6wvewkknix","v2-1791012324414","Canva Work Sample — Accessible Brand Access Signals","Canva","Senior UI Designer & Design Technologist","TECHNICAL_APPROACH","Implements a modular, strictly typed front-end/design-technology slice that separates schemas, tokens, privacy masking, audit-time formatting and presentational components while maintaining accessibility and rollback-aware interaction behaviour.",15,3,"","",""
"y5vbcjmc346icxpl7cpege4e","v2-1791012324414","Canva Work Sample — Accessible Brand Access Signals","Canva","Senior UI Designer & Design Technologist","AI_DIRECTION","Directs the AI collaborator through phased, reviewable prompts that decompose the work into schema review, design tokens, privacy utilities, accessibility behaviour, time formatting, components and tests, while constraining the AI not to overwrite safe code or invent unsupported domain assumptions.",15,3,"","",""
"wtec7b949h8upffxajppgoap","v2-1791012324414","Canva Work Sample — Accessible Brand Access Signals","Canva","Senior UI Designer & Design Technologist","CRITICAL_JUDGMENT","Exercises Level 3 professional judgement by identifying, challenging and correcting AI-injected traps, hallucinated assumptions and unsafe shortcuts in both chat output and code diffs, especially where the UI looks plausible but violates privacy, accessibility, copyright or Australian time-zone requirements.",20,3,"","",""
"zts0fis48133aqywwkmpouvy","v2-1791012324414","Canva Work Sample — Accessible Brand Access Signals","Canva","Senior UI Designer & Design Technologist","TRADEOFF_AWARENESS","Documents practical engineering and design trade-offs appropriate to a 4–5 hour Level 3 prototype, balancing simplicity, accessibility evidence, privacy safety, performance and maintainability without sacrificing the non-negotiable Australian domain constraints.",10,3,"","",""
"trc1wvubm72vjuussyidv8nu","v2-1791012324414","Canva Work Sample — Accessible Brand Access Signals","Canva","Senior UI Designer & Design Technologist","DOMAIN_FIT","Applies Australian legal, accessibility, copyright and time-zone domain logic accurately within the AccessSignals prototype and rationale, using the supplied Canva scenario and schemas without making unsupported legal or product claims.",15,3,"","",""
"vfumf0m6ys5tzt0xoiayo9px","usd1aiknc946mxq19hnew4y4","Mid-Level Backend Engineer — Consumer Data Right (CDR) Consent Gateway","Macquarie","AI Engineering Platform - Software Engineer","DOMAIN_FIT","Conforms to ACCC Consumer Data Right standards, handling 403 Forbidden with standard CDR error codes.",15,3,"","",""
"l1w34uyv0ee8nz6px7cru96r","v2-1791012324414","Canva Work Sample — Accessible Brand Access Signals","Canva","Senior UI Designer & Design Technologist","COMMUNICATION","Communicates implementation choices, design rationale and handoff notes clearly for product and engineering stakeholders, with clean commits/diffs, meaningful documentation and no lazy AI-generated comments or unexplained generated artefacts.",10,3,"","",""
"ewn5zv0k493ny8j87ep9w5cm","k1425z9vcuflc40nxqg93p6o","Canva: Senior Frontend Software Engineer — CMS Team","Canva","Canva: Senior Frontend Software Engineer — CMS Team","PROBLEM_FRAMING","Clarifies scope boundaries, non-goals, and edge cases before coding.",4,3,"","",""
"pkj3hq5hakakv1d0ziazv94s","k1425z9vcuflc40nxqg93p6o","Canva: Senior Frontend Software Engineer — CMS Team","Canva","Canva: Senior Frontend Software Engineer — CMS Team","TECHNICAL_APPROACH","Designs decoupled architecture and pure logic prior to UI generation.",5,3,"","",""
"r66a438ii6ww4uypws5aurl5","k1425z9vcuflc40nxqg93p6o","Canva: Senior Frontend Software Engineer — CMS Team","Canva","Canva: Senior Frontend Software Engineer — CMS Team","CRITICAL_JUDGMENT","Catches planted AI defects and unverified assumptions.",5,3,"","",""
"ehw3bk9s61hcbylya6m7w47v","k1425z9vcuflc40nxqg93p6o","Canva: Senior Frontend Software Engineer — CMS Team","Canva","Canva: Senior Frontend Software Engineer — CMS Team","TRADEOFF_AWARENESS","Explains technical trade-offs and performance considerations.",4,3,"","",""
"dxlhvjpjjg5ot41q93ydszi4","k1425z9vcuflc40nxqg93p6o","Canva: Senior Frontend Software Engineer — CMS Team","Canva","Canva: Senior Frontend Software Engineer — CMS Team","DOMAIN_FIT","Tailors features to the actual real-world needs of the domain.",4,3,"","",""
"hfj9050lm86n2tk7o5wvae34","k1425z9vcuflc40nxqg93p6o","Canva: Senior Frontend Software Engineer — CMS Team","Canva","Canva: Senior Frontend Software Engineer — CMS Team","COMMUNICATION","Directs AI assistant with clear, structured prompts and clear documentation.",3,3,"","",""
"l5bpcc0iret9v3zcszzbr5kd","y11fhazsv6jwq79gbls9o8e1","Mid-Level Backend Engineer — Consumer Data Right (CDR) Consent Gateway","Macquarie","Unknown","PROBLEM_FRAMING","Interrogates CDR scope boundaries and AEST timezone expiry rules prior to writing code.",15,3,"","",""
"tqk14cz5nvgsw49mcumxh1dr","y11fhazsv6jwq79gbls9o8e1","Mid-Level Backend Engineer — Consumer Data Right (CDR) Consent Gateway","Macquarie","Unknown","TECHNICAL_APPROACH","Implements clean middleware pattern for consent validation with explicit separation of authorization from data retrieval.",15,3,"","",""
"g4dyfjfz6f9edn48ptg94iyj","y11fhazsv6jwq79gbls9o8e1","Mid-Level Backend Engineer — Consumer Data Right (CDR) Consent Gateway","Macquarie","Unknown","AI_DIRECTION","Directs the AI to write unit tests for boundary conditions (e.g., consent expiring at 23:59:59 AEST).",15,3,"","",""
"jhpc96jgmxnzitmxgpwst98w","y11fhazsv6jwq79gbls9o8e1","Mid-Level Backend Engineer — Consumer Data Right (CDR) Consent Gateway","Macquarie","Unknown","CRITICAL_JUDGMENT","Identifies and fixes the AI's attempt to use browser-local Date.now() without AEST offset reconciliation.",20,3,"","",""
"gouyobga749qggphg0oi2rqo","y11fhazsv6jwq79gbls9o8e1","Mid-Level Backend Engineer — Consumer Data Right (CDR) Consent Gateway","Macquarie","Unknown","TRADEOFF_AWARENESS","Explains token revocation caching tradeoffs (Redis cache vs synchronous DB read for real-time revocation).",10,3,"","",""
"m14hvgm9eliqm97z8gki63wl","y11fhazsv6jwq79gbls9o8e1","Mid-Level Backend Engineer — Consumer Data Right (CDR) Consent Gateway","Macquarie","Unknown","DOMAIN_FIT","Conforms to ACCC Consumer Data Right standards, handling 403 Forbidden with standard CDR error codes.",15,3,"","",""
"j13aa5ni1un4ywt5yd4rkxgy","y11fhazsv6jwq79gbls9o8e1","Mid-Level Backend Engineer — Consumer Data Right (CDR) Consent Gateway","Macquarie","Unknown","COMMUNICATION","Documents security assumptions and error handling clearly for auditing mentors.",10,3,"","",""
"w5eywfhonrovv9cie1yu5i30","usd1aiknc946mxq19hnew4y4","Mid-Level Backend Engineer — Consumer Data Right (CDR) Consent Gateway","Macquarie","AI Engineering Platform - Software Engineer","PROBLEM_FRAMING","Interrogates CDR scope boundaries and AEST timezone expiry rules prior to writing code.",15,3,"","",""
"smz7f4dl244r4y4sr10hh0ef","usd1aiknc946mxq19hnew4y4","Mid-Level Backend Engineer — Consumer Data Right (CDR) Consent Gateway","Macquarie","AI Engineering Platform - Software Engineer","TECHNICAL_APPROACH","Implements clean middleware pattern for consent validation with explicit separation of authorization from data retrieval.",15,3,"","",""
"xwbjhbe0hc4vwr7vcgpq5jl7","usd1aiknc946mxq19hnew4y4","Mid-Level Backend Engineer — Consumer Data Right (CDR) Consent Gateway","Macquarie","AI Engineering Platform - Software Engineer","AI_DIRECTION","Directs the AI to write unit tests for boundary conditions (e.g., consent expiring at 23:59:59 AEST).",15,3,"","",""
"bg7erbit5cvdzv73p4a43nt0","usd1aiknc946mxq19hnew4y4","Mid-Level Backend Engineer — Consumer Data Right (CDR) Consent Gateway","Macquarie","AI Engineering Platform - Software Engineer","CRITICAL_JUDGMENT","Identifies and fixes the AI's attempt to use browser-local Date.now() without AEST offset reconciliation.",20,3,"","",""
"zt1ttll1ogzxi87sbcvpyd2f","usd1aiknc946mxq19hnew4y4","Mid-Level Backend Engineer — Consumer Data Right (CDR) Consent Gateway","Macquarie","AI Engineering Platform - Software Engineer","TRADEOFF_AWARENESS","Explains token revocation caching tradeoffs (Redis cache vs synchronous DB read for real-time revocation).",10,3,"","",""
"n11aalpdx5k07sp3arm3fl5d","usd1aiknc946mxq19hnew4y4","Mid-Level Backend Engineer — Consumer Data Right (CDR) Consent Gateway","Macquarie","AI Engineering Platform - Software Engineer","COMMUNICATION","Documents security assumptions and error handling clearly for auditing mentors.",10,3,"","",""
"verified-stp2-engine-stp2-req-1","verified-stp2-engine","Mid-Level Full-Stack Engineer — STP Phase 2 Disaggregation","Employment Hero / Australian Payroll Systems","Mid-Level Full-Stack Engineer — STP Phase 2 Disaggregation","PROBLEM_FRAMING","Interrogates the brief to clarify STP Phase 2 disaggregation boundaries and cents-precision invariants before generating code.",15,3,"","Candidate asks AI assistant to verify whether floating point or integer cents will be used. | Candidate explicitly lists the 5 required ATO disaggregation categories before asking for implementations.","Accepts a generic naive payroll calculator without verifying ATO STP2 requirements. | Generates unvalidated code in a single prompt."
"verified-stp2-engine-stp2-req-2","verified-stp2-engine","Mid-Level Full-Stack Engineer — STP Phase 2 Disaggregation","Employment Hero / Australian Payroll Systems","Mid-Level Full-Stack Engineer — STP Phase 2 Disaggregation","TECHNICAL_APPROACH","Designs modular, strongly typed calculation functions separating pure payroll math from UI and I/O handlers.",15,3,"","Separates calculateDisaggregation() into a pure function with comprehensive unit tests. | Uses strict TypeScript interfaces without 'any'.","Couples database/API calls directly into calculation loops. | Uses untyped dictionary objects."
"verified-stp2-engine-stp2-req-3","verified-stp2-engine","Mid-Level Full-Stack Engineer — STP Phase 2 Disaggregation","Employment Hero / Australian Payroll Systems","Mid-Level Full-Stack Engineer — STP Phase 2 Disaggregation","AI_DIRECTION","Directs the AI assistant with phased, iterative prompts rather than massive all-in-one generation prompts.",15,3,"","Directs AI in small steps: (1) schema, (2) unit test cases, (3) calculation logic, (4) UI component. | Provides constructive feedback when the AI omits overtime penalty multipliers.","Submits single prompt asking AI to 'build whole payroll app' and blindly commits the result."
"verified-stp2-engine-stp2-req-4","verified-stp2-engine","Mid-Level Full-Stack Engineer — STP Phase 2 Disaggregation","Employment Hero / Australian Payroll Systems","Mid-Level Full-Stack Engineer — STP Phase 2 Disaggregation","CRITICAL_JUDGMENT","Detects and corrects deliberate AI traps including floating-point rounding errors and unmasked Tax File Numbers (TFN).",20,3,"AI generates Number(0.1 + 0.2) float math for currency and console.log(employee.tfn) in error handlers.","Catches the AI's use of floating-point arithmetic and refactors to integer cents. | Replaces plain text TFN logging with a redaction mask like tfnMask().","Permits IEEE-754 float math (e.g. 19.999999999997) to reach statutory reporting payloads. | Leaves full 9-digit TFN visible in log statements or browser console."
"verified-stp2-engine-stp2-req-5","verified-stp2-engine","Mid-Level Full-Stack Engineer — STP Phase 2 Disaggregation","Employment Hero / Australian Payroll Systems","Mid-Level Full-Stack Engineer — STP Phase 2 Disaggregation","TRADEOFF_AWARENESS","Articulates performance and correctness trade-offs between big.js/decimal libraries versus integer cent representations.",10,3,"","Documents why integer cents were chosen over external dependencies or floats. | Discusses edge case handling for half-cent ATO rounding.","Claims the calculation has no trade-offs or ignores decimal precision consequences."
"verified-stp2-engine-stp2-req-6","verified-stp2-engine","Mid-Level Full-Stack Engineer — STP Phase 2 Disaggregation","Employment Hero / Australian Payroll Systems","Mid-Level Full-Stack Engineer — STP Phase 2 Disaggregation","DOMAIN_FIT","Adheres strictly to Australian payroll terminology (Ordinary Time Earnings, PAYG withholding, Superannuation Guarantee).",15,3,"","Uses Australian tax nomenclature (PAYG, Super Guarantee, OTE) rather than US concepts (401k, W-2, FICA). | Calculates Superannuation at the correct statutory rate (currently 11.5% - 12%).","Includes US tax terms like 'State Tax' or 'Social Security Number'."
"verified-stp2-engine-stp2-req-7","verified-stp2-engine","Mid-Level Full-Stack Engineer — STP Phase 2 Disaggregation","Employment Hero / Australian Payroll Systems","Mid-Level Full-Stack Engineer — STP Phase 2 Disaggregation","COMMUNICATION","Maintains clear commit history, precise variable naming, and eliminates placeholder AI comments.",10,3,"","Writes descriptive commit messages outlining specific STP2 fixes. | Cleans up generic comments like '// AI generated code here'.","Commits messy code with dead boilerplate and empty TODO comments."
"verified-cdr-gateway-cdr-req-1","verified-cdr-gateway","Mid-Level Backend Engineer — Consumer Data Right (CDR) Consent Gateway","Macquarie / Up Bank / Australian CDR Platform","Mid-Level Backend Engineer — Consumer Data Right (CDR) Consent Gateway","PROBLEM_FRAMING","Interrogates CDR scope boundaries and AEST timezone expiry rules prior to writing code.",15,3,"","Questions the assistant on whether daylight savings transitions affect consent expiration.","Begins writing endpoints without scoping definitions."
"verified-cdr-gateway-cdr-req-2","verified-cdr-gateway","Mid-Level Backend Engineer — Consumer Data Right (CDR) Consent Gateway","Macquarie / Up Bank / Australian CDR Platform","Mid-Level Backend Engineer — Consumer Data Right (CDR) Consent Gateway","TECHNICAL_APPROACH","Implements clean middleware pattern for consent validation with explicit separation of authorization from data retrieval.",15,3,"","Uses typed middleware that inspects consent before dispatching to controller.","Embeds authorization checks randomly throughout business logic."
"verified-cdr-gateway-cdr-req-3","verified-cdr-gateway","Mid-Level Backend Engineer — Consumer Data Right (CDR) Consent Gateway","Macquarie / Up Bank / Australian CDR Platform","Mid-Level Backend Engineer — Consumer Data Right (CDR) Consent Gateway","AI_DIRECTION","Directs the AI to write unit tests for boundary conditions (e.g., consent expiring at 23:59:59 AEST).",15,3,"","Prompts the assistant with specific edge cases: revoked consent, 1 second past expiry, invalid scope.","Accepts code with zero automated boundary verification."
"verified-cdr-gateway-cdr-req-4","verified-cdr-gateway","Mid-Level Backend Engineer — Consumer Data Right (CDR) Consent Gateway","Macquarie / Up Bank / Australian CDR Platform","Mid-Level Backend Engineer — Consumer Data Right (CDR) Consent Gateway","CRITICAL_JUDGMENT","Identifies and fixes the AI's attempt to use browser-local Date.now() without AEST offset reconciliation.",20,3,"AI implements new Date() comparison assuming UTC matches Sydney local time, creating 10-hour access leak.","Catches the local timestamp comparison bug and refactors to explicit UTC/AEST instant comparison.","Leaves raw unanchored Date.now() in production check."
"verified-cdr-gateway-cdr-req-5","verified-cdr-gateway","Mid-Level Backend Engineer — Consumer Data Right (CDR) Consent Gateway","Macquarie / Up Bank / Australian CDR Platform","Mid-Level Backend Engineer — Consumer Data Right (CDR) Consent Gateway","TRADEOFF_AWARENESS","Explains token revocation caching tradeoffs (Redis cache vs synchronous DB read for real-time revocation).",10,3,"","Documents why synchronous revocation checks protect against unauthorized banking data leakage.","Assumes cached consent tokens never need validation against revocation lists."
"verified-cdr-gateway-cdr-req-6","verified-cdr-gateway","Mid-Level Backend Engineer — Consumer Data Right (CDR) Consent Gateway","Macquarie / Up Bank / Australian CDR Platform","Mid-Level Backend Engineer — Consumer Data Right (CDR) Consent Gateway","DOMAIN_FIT","Conforms to ACCC Consumer Data Right standards, handling 403 Forbidden with standard CDR error codes.",15,3,"","Returns standard CDR error envelope with 'urn:au-cds:error:cds-all:Authorisation/Revoked'.","Returns generic 500 error or unstructured JSON string."
"verified-cdr-gateway-cdr-req-7","verified-cdr-gateway","Mid-Level Backend Engineer — Consumer Data Right (CDR) Consent Gateway","Macquarie / Up Bank / Australian CDR Platform","Mid-Level Backend Engineer — Consumer Data Right (CDR) Consent Gateway","COMMUNICATION","Documents security assumptions and error handling clearly for auditing mentors.",10,3,"","Provides concise README section on CDR privacy and consent verification.","Leaves no documentation on how consent tokens are signed or verified."
"verified-talentai-screener-talent-req-1","verified-talentai-screener","Full-Stack Engineer — AI Resume Screener & Bias Filter","TalentAI / Fair Hiring Systems","Full-Stack Engineer — AI Resume Screener & Bias Filter","PROBLEM_FRAMING","Interrogates the brief to clarify which fields should be masked in blind review mode before writing code.",15,2,"","Candidate confirms the list of demographic proxy fields that must be masked.","Begins building UI without verifying masking requirements."
"verified-talentai-screener-talent-req-2","verified-talentai-screener","Full-Stack Engineer — AI Resume Screener & Bias Filter","TalentAI / Fair Hiring Systems","Full-Stack Engineer — AI Resume Screener & Bias Filter","TECHNICAL_APPROACH","Constructs accessible, responsive React components with clean state management and no unnecessary rerenders.",15,2,"","Uses useState/useMemo cleanly to handle candidate list filtering.","Mutates state directly or causes infinite re-render loops."
"verified-talentai-screener-talent-req-3","verified-talentai-screener","Full-Stack Engineer — AI Resume Screener & Bias Filter","TalentAI / Fair Hiring Systems","Full-Stack Engineer — AI Resume Screener & Bias Filter","AI_DIRECTION","Prompts the AI helper in focused increments, specifying exact UI props and mock candidate data structures.",15,2,"","Asks AI for a single component at a time (e.g. FilterBar, CandidateCard).","Submits single prompt asking for 'full resume screener' without guidance."
"verified-talentai-screener-talent-req-4","verified-talentai-screener","Full-Stack Engineer — AI Resume Screener & Bias Filter","TalentAI / Fair Hiring Systems","Full-Stack Engineer — AI Resume Screener & Bias Filter","CRITICAL_JUDGMENT","Catches AI hallucinations where unmentioned skills are marked as verified, correcting the matching logic.",20,2,"AI creates a mock candidate that marks 'Kubernetes' as verified even though the resume text contains no mention of it.","Candidate checks the text excerpt and flags the missing citation.","Approves candidates without verifying that excerpts substantiate the skill."
"verified-talentai-screener-talent-req-5","verified-talentai-screener","Full-Stack Engineer — AI Resume Screener & Bias Filter","TalentAI / Fair Hiring Systems","Full-Stack Engineer — AI Resume Screener & Bias Filter","TRADEOFF_AWARENESS","Explains UI/UX trade-offs between instant client-side filtering versus server-side pagination.",10,2,"","Mentions that client-side filtering is fast for 50 candidates but server-side would be needed at scale.","Claims current solution scales indefinitely without modification."
"verified-talentai-screener-talent-req-6","verified-talentai-screener","Full-Stack Engineer — AI Resume Screener & Bias Filter","TalentAI / Fair Hiring Systems","Full-Stack Engineer — AI Resume Screener & Bias Filter","DOMAIN_FIT","Respects Fair Work anti-bias principles by strictly separating job-relevant skills from personal data.",15,2,"","Displays blind review toggle clearly and tests that school/age details remain hidden.","Accidentally displays candidate age or graduation year in review cards."
"verified-talentai-screener-talent-req-7","verified-talentai-screener","Full-Stack Engineer — AI Resume Screener & Bias Filter","TalentAI / Fair Hiring Systems","Full-Stack Engineer — AI Resume Screener & Bias Filter","COMMUNICATION","Maintains clear commit history, clean component names, and self-documenting code.",10,2,"","Meaningful component names (CandidateCard, SkillBadge, ReviewModal).","Uses names like Component1, Div2, or leaves commented out dead code."aegis-req-1,verified-aegis-lending-risk,P2P Lending Protocol Risk Engine & Telemetry Chain,Aegis Risk Analytics,Junior Protocol Risk & Verifiable Telemetry Engineer,PROBLEM_FRAMING,"Scopes fixed-point data types (Wad/Ray, BPS), oracle heartbeat limits, and liquidation invariants before requesting implementation code.",15,2,,Candidate confirms bigint / Wad 18-decimal representations for collateral and debt with the AI assistant. Candidate explicitly establishes the oracle staleness boundary condition before implementing pricing logic.,Accepts standard JavaScript floating-point numbers without questioning financial rounding precision.
aegis-req-2,verified-aegis-lending-risk,P2P Lending Protocol Risk Engine & Telemetry Chain,Aegis Risk Analytics,Junior Protocol Risk & Verifiable Telemetry Engineer,TECHNICAL_APPROACH,"Implements decoupled, modular fixed-point calculation utilities, stale oracle guards, and atomic liquidation handlers.",15,2,,"Creates dedicated pure helper functions for Wad multiplication and division (mulWad, divWad). Separates oracle validation logic from account position state mutation.","Blends pricing math, validation, and in-place array mutation into an untestable monolithic function."
aegis-req-3,verified-aegis-lending-risk,P2P Lending Protocol Risk Engine & Telemetry Chain,Aegis Risk Analytics,Junior Protocol Risk & Verifiable Telemetry Engineer,AI_DIRECTION,Directs the AI assistant in staged phases (Schema -> Fixed-Point Math Lib -> Oracle Freshness -> Liquidation Loop -> Hash Chain) with precise numerical constraints.,15,2,,Prompts the assistant with specific constraints on integer division order (multiply before divide) to prevent precision truncation. Instructs AI to handle edge cases like zero debt or zero collateral safely.,"Issues a generic prompt like ""build the DeFi lending risk engine"" and commits uninspected output."
aegis-req-4,verified-aegis-lending-risk,P2P Lending Protocol Risk Engine & Telemetry Chain,Aegis Risk Analytics,Junior Protocol Risk & Verifiable Telemetry Engineer,CRITICAL_JUDGMENT,"Catches and rejects planted AI traps: floating-point IEEE-754 division, unvalidated oracle staleness, and non-atomic cascade mutations.",20,2,"AI implements health factor using (collateral * price) / debt floats, ignores updatedAt staleness, and mutates protocol reserves in-place during batch loops.",Catches floating-point division and directs AI to use fixed-point BigInt Wad math. Catches missing staleness check and enforces StalePriceFeedException when elapsed time exceeds heartbeat. Catches in-place mutation and enforces atomic snapshot rollback if a liquidation fails.,Allows floating-point rounding errors and unvalidated oracle feeds to reach production risk code.
aegis-req-5,verified-aegis-lending-risk,P2P Lending Protocol Risk Engine & Telemetry Chain,Aegis Risk Analytics,Junior Protocol Risk & Verifiable Telemetry Engineer,TRADEOFF_AWARENESS,Articulates computational tradeoffs of fixed-point integer math and gas/compute costs of cryptographic state verification.,10,2,,Explains why integer basis points prevent financial arbitrage and truncation vulnerabilities. Compares sequential SHA-256 hash chains versus sparse Merkle tree generation for telemetry logging.,Dismisses floating point drift as negligible or claims precision loss does not affect protocol solvency.
aegis-req-6,verified-aegis-lending-risk,P2P Lending Protocol Risk Engine & Telemetry Chain,Aegis Risk Analytics,Junior Protocol Risk & Verifiable Telemetry Engineer,DOMAIN_FIT,"Adheres to peer-to-peer lending and decentralized protocol risk conventions (Health Factor thresholds, oracle heartbeats, bad debt prevention).",15,2,,Properly defines liquidation criteria (HF < 1.0) and correctly applies liquidation discount bonuses. Guarantees that protocol reserves never drop below zero under cascade liquidations.,Treats liquidations as simple balance deductions without calculating bad-debt socialisation or collateral ratios.
aegis-req-7,verified-aegis-lending-risk,P2P Lending Protocol Risk Engine & Telemetry Chain,Aegis Risk Analytics,Junior Protocol Risk & Verifiable Telemetry Engineer,COMMUNICATION,"Documents risk parameters, arithmetic assumptions, and audit invariants clearly for protocol governance and peer review.",10,2,,"Provides clear inline documentation of Wad scaling factors, basis point math, and liquidation threshold formulas.",Leaves code undocumented with magic numbers and obscure arithmetic shifts.
apex-req-1,verified-apex-subscription-billing,Idempotent Subscription Webhook Reconciler & SRE Metrics Dashboard,Apex Marketplace Infrastructure,Junior Full-Stack Integration & Billing Engineer,PROBLEM_FRAMING,"Scopes idempotency guarantees, out-of-order webhook delivery, and integer cent representations before requesting implementation code.",15,2,,"Candidate confirms idempotency key storage and verifies that currency calculations will be in integer AUD cents. Candidate queries the AI assistant regarding out-of-order webhook delivery handling and subscription state boundaries.","Accepts standard float math without questioning financial rounding drift. Asks AI to generate an unvalidated monolithic webhook handler in a single prompt."
apex-req-2,verified-apex-subscription-billing,Idempotent Subscription Webhook Reconciler & SRE Metrics Dashboard,Apex Marketplace Infrastructure,Junior Full-Stack Integration & Billing Engineer,TECHNICAL_APPROACH,"Designs decoupled webhook intake, subscription state machine, integer GST math, and SRE telemetry collectors.",15,2,,"Separates webhook transport parsing, state transition logic, and metrics collectors into distinct modular components. Builds pure helper functions for proration and 10% Australian GST calculation.","Couples HTTP request handling, database mutations, and UI state into an untestable monolithic function."
apex-req-3,verified-apex-subscription-billing,Idempotent Subscription Webhook Reconciler & SRE Metrics Dashboard,Apex Marketplace Infrastructure,Junior Full-Stack Integration & Billing Engineer,AI_DIRECTION,"Directs the AI assistant in staged phases (Schema -> Idempotency Store -> GST Math -> State Transitions -> SRE Dashboard) with explicit edge-case assertions.",15,2,,"Directs the assistant step-by-step: first establishing schemas and unit tests for duplicate event delivery, then writing state machine handlers. Instructs the AI to differentiate transient 500 errors from deterministic 400 errors.","Issues a generic prompt like 'write a subscription billing webhook service' and blindly accepts unverified code."
apex-req-4,verified-apex-subscription-billing,Idempotent Subscription Webhook Reconciler & SRE Metrics Dashboard,Apex Marketplace Infrastructure,Junior Full-Stack Integration & Billing Engineer,CRITICAL_JUDGMENT,"Identifies and refactors planted AI traps: non-idempotent webhook retries (double-billing), floating-point proration/GST calculations, and swallowed exceptions.",20,2,"AI implements webhook handler without checking eventId (causing double-billing on retries), uses price * 0.1 float arithmetic for GST, and wraps logic in try/catch returning 200 OK while swallowing exceptions.","Catches missing idempotency check and enforces eventId deduplication guard before applying state changes. Catches raw float math (0.1) and enforces integer cent arithmetic for Australian GST and proration. Catches swallowed exceptions and refactors to return HTTP 500 on transient failures while emitting structured logs with traceId.","Allows duplicate webhook delivery to double-bill merchants or extend subscriptions twice. Leaves IEEE-754 float drift in financial balances or swallows database errors with silent 200 OK responses."
apex-req-5,verified-apex-subscription-billing,Idempotent Subscription Webhook Reconciler & SRE Metrics Dashboard,Apex Marketplace Infrastructure,Junior Full-Stack Integration & Billing Engineer,TRADEOFF_AWARENESS,"Articulates operational SRE tradeoffs between synchronous webhook acknowledgment versus asynchronous job queues and at-least-once delivery semantics.",10,2,,"Explains why idempotency keys are mandatory under at-least-once network delivery models. Compares in-memory deduplication cache TTL versus transactional database persistence under high webhook throughput.","Assumes webhooks are delivered strictly in order and exactly once without retry headers."
apex-req-6,verified-apex-subscription-billing,Idempotent Subscription Webhook Reconciler & SRE Metrics Dashboard,Apex Marketplace Infrastructure,Junior Full-Stack Integration & Billing Engineer,DOMAIN_FIT,"Conforms to Australian marketplace billing patterns (AUD integer cents, 10% GST reporting, merchant subscription lifecycle states).",15,2,,"Enforces valid state machine transitions (PENDING -> ACTIVE -> PAST_DUE -> CANCELLED). Calculates 10% GST on taxable merchant plan amounts in integer cents with correct half-cent rounding.","Uses US tax terminology or permits invalid subscription state transitions (e.g. CANCELLED -> ACTIVE without reactivation event)."
apex-req-7,verified-apex-subscription-billing,Idempotent Subscription Webhook Reconciler & SRE Metrics Dashboard,Apex Marketplace Infrastructure,Junior Full-Stack Integration & Billing Engineer,COMMUNICATION,"Documents webhook API contracts, error recovery runbooks, and SRE telemetry metrics clearly for engineering and support teams.",10,2,,"Provides clear docstrings explaining webhook retry semantics, HTTP status code contracts (200, 400, 409, 500), and SLI calculations.","Leaves webhook integration undocumented with unexplained status codes and silent failure behaviors."
secgate-req-1,verified-aegis-agent-security-gate,Zero Trust Agent Execution Boundary Proxy & Audit Trail,Aegis Cloud Defense,Junior Cloud Security & Agent Governance Engineer,PROBLEM_FRAMING,"Scopes the Zero Trust threat model, fail-closed policy contract, path canonicalization, and human approval boundaries before requesting implementation code.",15,2,,"Candidate confirms default-deny architecture for all unspecified tools with the AI assistant. Candidate queries the AI regarding path traversal vulnerabilities and canonical sandbox boundaries.","Accepts a default-allow architecture or asks AI to generate a single permissive proxy without threat modeling."
secgate-req-2,verified-aegis-agent-security-gate,Zero Trust Agent Execution Boundary Proxy & Audit Trail,Aegis Cloud Defense,Junior Cloud Security & Agent Governance Engineer,TECHNICAL_APPROACH,"Designs decoupled policy evaluation middleware, canonical path validators, approval escalation gate, and cryptographic hash-chain logger.",15,2,,"Separates policy rule evaluation, path canonicalization, approval verification, and cryptographic audit hashing into modular units. Uses path.resolve() and strict boundary prefix checks (sandboxRoot + path.sep).","Blends tool execution, security checks, and logging into an untestable monolithic function. Uses naive string prefix checks (startsWith) without resolving relative dots."
secgate-req-3,verified-aegis-agent-security-gate,Zero Trust Agent Execution Boundary Proxy & Audit Trail,Aegis Cloud Defense,Junior Cloud Security & Agent Governance Engineer,AI_DIRECTION,"Directs the AI assistant in staged phases (Policy Schema -> Path Sanitization -> Default-Deny Gate -> Approval Flow -> Hash-Chain Audit Logger).",15,2,,"Prompts the assistant step-by-step: first establishing schemas and negative tests for path traversal, then writing fail-closed evaluation logic. Explicitly instructs the AI to handle malformed inputs, unknown tools, and traversal edge cases.","Issues a generic prompt like 'make a tool security wrapper' and commits unverified code."
secgate-req-4,verified-aegis-agent-security-gate,Zero Trust Agent Execution Boundary Proxy & Audit Trail,Aegis Cloud Defense,Junior Cloud Security & Agent Governance Engineer,CRITICAL_JUDGMENT,"Catches and refactors planted AI traps: fail-open exception handling, naive string path traversal escapes, and mutable unverified audit logs.",20,2,"AI defaults to return { allowed: true } on unknown tools or catch blocks, checks file paths with naive path.startsWith(), and logs audit trails using generic console.log() without timestamps or integrity chaining.","Catches fail-open fallback and enforces strict default-deny throwing SecurityPolicyViolationException. Catches naive string path matching and enforces path.resolve() containment within sandboxRoot. Catches console.log audit trail and implements append-only SHA-256 hash chaining (prevHash + entryHash).","Allows unknown tools or malformed payloads to bypass security checks. Leaves path traversal vulnerability open, allowing relative escapes like /../../etc/passwd."
secgate-req-5,verified-aegis-agent-security-gate,Zero Trust Agent Execution Boundary Proxy & Audit Trail,Aegis Cloud Defense,Junior Cloud Security & Agent Governance Engineer,TRADEOFF_AWARENESS,"Articulates security tradeoffs between synchronous policy evaluation latency versus agent throughput, and why autonomous agents must not self-authorize high-risk actions.",10,2,,"Explains why defense-in-depth and fail-closed architectures prevent autonomous lateral movement even if the upstream LLM is prompt-injected. Compares cryptographic hash chain verification overhead against database append latency.","Dismisses path traversal risks as theoretical or claims default-allow is acceptable for internal tools."
secgate-req-6,verified-aegis-agent-security-gate,Zero Trust Agent Execution Boundary Proxy & Audit Trail,Aegis Cloud Defense,Junior Cloud Security & Agent Governance Engineer,DOMAIN_FIT,"Conforms to NIST Cybersecurity Framework Zero Trust principles and enterprise agent governance standards (least privilege, continuous verification, tamper resistance).",15,2,,"Employs authentic Zero Trust vocabulary (default-deny, least-privilege, root jail, cryptographic provenance). Correctly classifies destructive versus non-destructive actions for human approval escalation.","Relies on LLM self-policing instead of deterministic runtime guardrails."
secgate-req-7,verified-aegis-agent-security-gate,Zero Trust Agent Execution Boundary Proxy & Audit Trail,Aegis Cloud Defense,Junior Cloud Security & Agent Governance Engineer,COMMUNICATION,"Documents security policy syntax, error response codes, and audit verification procedures clearly for security operations (SecOps) and compliance auditors.",10,2,,"Provides clear docstrings detailing policy evaluation logic, human approval escalation protocol, and cryptographic hash verification.","Leaves security policies undocumented or omits recovery steps for blocked requests."

